latency,RSSI,filtered latency,TIMESTAMP,Drop?
223,-103,2331,0.0,1
223,-102,2393,0.25927600000431994,1
223,-102,2299,0.47331600000325125,1
223,-102,2163,0.6832300000023679,1
223,-102,2036,0.9144060000035097,1
223,-102,1916,1.1386270000002696,1
223,-102,1804,1.367286000000604,1
223,-102,1698,1.5897120000008726,1
223,-102,1630,1.8032670000029611,1
223,-102,1535,2.0737990000052378,1
223,-102,1444,2.299388999999792,1
223,-102,1359,2.5282609999994747,1
220,-101,1456,2.7592920000024606,1
380,-97,2012,2.98082300000533,1
373,-98,3151,3.214199000001827,0
377,-95,3680,3.446048999998311,0
381,-93,3598,3.677335000000312,0
374,-91,3389,3.8972370000046794,0
380,-89,3192,4.127866000002541,0
381,-88,3007,4.3637759999983246,0
379,-85,2833,4.602711999999883,0
379,-84,2669,4.840956000000006,0
380,-84,2514,5.112378999998327,0
381,-84,2369,5.3646090000038384,0
378,-83,2232,5.6033840000018245,0
379,-84,2104,5.853900000001886,0
375,-84,1982,6.096206000001985,0
378,-88,1868,6.360549000004539,0
378,-92,1727,6.638251000003947,0
375,-92,1628,6.893957000000228,0
377,-94,1535,7.136127000005217,0
377,-95,1447,7.378329999999551,0
377,-98,1365,7.642433000000892,0
353,-100,1288,7.906558000002406,0
349,-101,1208,8.170562999999675,0
255,-101,1303,8.403395000001183,0
255,-104,2012,8.665296999999555,0
255,-104,2662,8.91295700000046,1
255,-105,2613,9.205375000005006,1
255,-105,2460,9.478909000004933,1
255,-105,2315,9.720424999999523,1
255,-105,2179,9.988099000001966,1
255,-105,2010,10.251085000003513,1
255,-105,1891,10.484304000005068,1
255,-105,1780,10.725221000000602,1
255,-104,1675,11.003471000003628,1
255,-104,1577,11.240734999999404,1
255,-104,1484,11.475633000001835,1
160,-101,1520,11.713399000000209,1
109,-99,1644,11.986444000001939,1
306,-95,2095,12.23129400000471,0
304,-92,2619,12.49596400000155,0
307,-90,2730,12.755406000003859,0
305,-89,2574,13.028994000000239,0
303,-88,2427,13.287907000005362,0
302,-88,2288,13.543025999999372,0
305,-85,2157,13.78453100000479,0
305,-82,2033,14.033329999998386,0
305,-80,1880,14.291097000001173,0
304,-84,1773,14.539850000001024,0
304,-85,1672,14.80648900000233,0
302,-88,1546,15.074257000000216,0
301,-92,1457,15.333515999998781,0
305,-90,1375,15.58030900000449,0
303,-94,1298,15.824069000002055,0
303,-93,1225,16.100893000002543,0
304,-98,1133,16.360011000004306,0
278,-99,1071,16.606742000003578,0
287,-101,1013,16.839349000001675,0
180,-101,1058,17.085981000003812,0
111,-103,1568,17.332424000000174,0
111,-104,2175,17.594193000004452,1
111,-103,2246,17.84501000000455,1
111,-103,2072,18.11736699999892,1
111,-103,1950,18.381270000005316,1
111,-103,1835,18.625832000005175,1
111,-103,1727,18.892728999999235,1
111,-103,1593,19.156449000001885,1
111,-103,1499,19.40629600000102,1
111,-103,1411,19.653181000001496,1
111,-102,1328,19.898909000003187,1
111,-102,1250,20.145401000001584,1
220,-101,1253,20.404632000005222,1
159,-99,1588,20.69893299999967,1
377,-96,2162,20.93948900000396,0
383,-96,2793,21.194564000004902,0
380,-92,3083,21.42941100000462,0
383,-91,2905,21.6851800000004,0
383,-89,2737,21.921289999998407,0
383,-88,2578,22.21420300000318,0
383,-85,2382,22.439519999999902,0
383,-84,2244,22.68029799999931,0
384,-82,2115,22.91713900000468,0
382,-80,1993,23.162771000002977,0
381,-80,1878,23.417435000003024,0
382,-81,1770,23.66091299999971,0
382,-83,1669,23.899442000001727,0
382,-85,1573,24.15628899999865,0
381,-87,1484,24.427018000002136,0
376,-89,1399,24.668203000001085,0
378,-95,1294,24.924026000000595,0
380,-95,1220,25.15287900000112,0
375,-96,1151,25.389671000004455,0
377,-99,1088,25.63615199999913,0
363,-101,1035,25.910282000004372,0
197,-102,1128,26.14948600000207,0
91,-104,1734,26.40979199999856,0
91,-104,2488,26.689321999998356,1
91,-104,2507,26.95324200000323,1
91,-104,2365,27.20172399999865,1
91,-104,2226,27.441305000000284,1
91,-104,2095,27.67953800000396,1
91,-104,1933,27.950606999998854,1
91,-104,1819,28.189542000000074,1
91,-104,1712,28.454320000004373,1
91,-104,1611,28.689688999998907,1
91,-105,1517,28.948431000004348,1
91,-105,1427,29.20819599999959,1
205,-102,1379,29.50717900000018,1
336,-99,1963,29.787703000001784,1
430,-96,3125,30.078432000002067,0
430,-93,3537,30.3407240000015,0
430,-92,3346,30.607082000002265,0
429,-90,3152,30.87169900000299,0
430,-87,2911,31.14382900000055,0
430,-86,2742,31.398181000004115,0
428,-84,2584,31.667914999998175,0
430,-82,2386,31.935942000003706,0
430,-80,2249,32.19388700000127,0
428,-79,2079,32.476151000002574,0
428,-84,1961,32.744424000004074,0
427,-86,1811,33.0107680000001,0
427,-89,1708,33.2759389999992,0
427,-92,1580,33.5628629999992,0
427,-91,1490,33.81565699999919,0
425,-95,1406,34.08256899999833,0
425,-94,1300,34.35530899999867,0
415,-98,1227,34.62079600000288,0
417,-100,1160,34.87148900000466,0
402,-101,1105,35.129392000002554,0
310,-103,1206,35.40305200000148,0
310,-104,1978,35.64420400000381,0
310,-106,2861,35.93339900000137,1
310,-107,2863,36.197007000002486,1
310,-107,2695,36.44736700000067,1
310,-107,2537,36.72660900000483,1
310,-107,2340,37.026388999998744,1
310,-107,2158,37.301501000001736,1
310,-107,2031,37.55849799999851,1
310,-106,1912,37.84638000000268,1
310,-106,1763,38.108931000002485,1
310,-101,1694,38.419308000004094,1
227,-98,1990,38.713201999999,1
496,-96,3570,39.023081999999704,0
496,-95,4759,39.3115900000048,0
497,-91,4588,39.60711000000447,0
497,-90,4321,39.85695400000259,0
496,-88,4069,40.13706100000127,0
497,-88,3757,40.39638399999967,0
491,-87,3540,40.64368200000172,0
497,-85,3336,40.935450000004494,0
490,-83,3084,41.24647900000127,0
495,-81,2848,41.52386000000115,0
495,-85,2683,41.7796989999988,0
494,-84,2478,42.0743169999987,0
495,-88,2290,42.41401500000211,0
490,-91,2115,42.72458700000425,0
492,-90,1954,43.01158900000155,0
485,-93,1806,43.31095400000049,0
491,-95,1702,43.58045200000197,0
487,-98,1605,43.82648899999913,0
484,-100,1484,44.08594200000516,0
438,-102,1421,44.35399000000325,0
343,-103,1713,44.60650100000203,0
343,-104,3485,44.87647400000424,1
343,-104,4230,45.13122899999871,1
343,-104,4132,45.373241000001144,1
343,-104,3889,45.61182600000029,1
343,-104,3660,45.86306200000399,1
343,-104,3376,46.130221999999776,1
343,-104,3178,46.39345200000389,1
343,-104,2991,46.650892000005115,1
343,-104,2815,46.88067099999898,1
343,-103,2649,47.12267000000429,1
343,-100,2493,47.37830699999904,1
197,-100,2690,47.62417799999821,1
368,-101,3387,47.87543200000073,1
511,-97,4257,48.17099600000074,0
507,-94,4545,48.477592000002915,0
510,-93,4447,48.73468100000173,0
514,-93,4189,48.985962999999174,0
514,-87,3945,49.23933499999839,0
514,-88,3716,49.4900140000027,0
514,-85,3500,49.730923000002804,0
514,-83,3297,49.98679500000435,0
513,-82,3044,50.28838800000085,0
510,-80,2868,50.54897500000516,0
513,-82,2649,50.81080500000098,0
512,-84,2495,51.05766500000027,0
510,-85,2351,51.31275399999868,0
511,-88,2215,51.56967599999916,0
510,-90,2088,51.834692000004,0
506,-92,1929,52.08137600000191,0
508,-93,1818,52.32694199999969,0
509,-95,1714,52.608791999999085,0
507,-98,1616,52.87056500000472,0
494,-101,1496,53.1437420000002,0
454,-103,1447,53.37471500000538,0
454,-102,1768,53.60218200000236,0
454,-103,3060,53.86214299999847,0
454,-103,4366,54.11205699999846,1
454,-103,4507,54.36016799999925,1
454,-103,4242,54.59148400000413,1
454,-103,3993,54.82889300000534,1
454,-103,3758,55.052380000000994,1
454,-103,3537,55.2824099999998,1
454,-103,3329,55.52454900000157,1
454,-102,3133,55.76285199999984,1
454,-104,2949,56.008692000003066,1
454,-104,2720,56.27510099999927,1
454,-103,2560,56.51181000000361,1
222,-100,2582,56.7672870000024,1
415,-99,3336,57.00982800000202,1
497,-95,4992,57.27153299999918,0
496,-97,5637,57.518690000004426,0
496,-91,5345,57.75773599999957,0
496,-90,4934,58.087115000002086,0
377,-103,7789,0.0,1
377,-103,7249,0.32444399999803863,1
377,-103,6686,0.625969000000623,1
377,-103,6293,0.8973600000026636,1
256,-100,5988,1.2049370000022464,1
517,-97,8290,1.4941860000035376,1
220,-92,9997,1.7713650000005146,0
211,-90,10564,2.028998000001593,0
219,-85,10614,2.391317000001436,0
220,-80,9993,2.648501000003307,0
210,-80,9411,2.9386200000008103,0
220,-84,8864,3.1598400000002584,0
220,-87,8350,3.394207000004826,0
220,-89,7864,3.6401550000009593,0
220,-93,7405,3.8847830000013346,0
221,-96,6833,4.124697999999626,0
213,-100,6437,4.355741999999736,0
174,-103,6178,4.631737000003341,0
174,-104,6228,4.921345000002475,1
174,-104,5995,5.226586000004318,1
174,-104,5529,5.487355999997817,1
174,-104,5204,5.739293999999063,1
174,-104,4898,6.011155000000144,1
174,-103,4518,6.253446000002441,1
174,-101,4252,6.538264000002528,1
271,-98,4309,6.795724000003247,1
504,-93,5785,7.039447000002838,0
502,-91,7207,7.305227000004379,0
502,-88,6980,7.579838999998174,0
504,-83,6585,7.844536000004155,0
491,-82,6208,8.102356000003056,0
497,-81,5743,8.366367000002356,0
499,-85,5312,8.66705699999875,0
499,-90,4917,9.019938000004913,0
485,-93,4469,9.441188000004331,0
500,-99,4139,9.741061000000627,0
486,-103,3874,10.076386000000639,0
486,-106,5075,10.362325000001874,0
486,-105,6679,10.684008000003814,1
486,-105,6488,10.977856999998039,1
486,-105,5984,11.285914000000048,1
486,-105,5520,11.595120999998471,1
486,-100,5091,11.89607999999862,1
266,-101,5257,12.21437600000354,1
489,-97,6395,12.502519000001485,0
494,-95,7106,12.811689000001934,0
490,-89,6820,13.120833000000857,0
481,-84,6315,13.40636600000289,0
494,-84,5842,13.712011000003258,0
493,-85,5400,13.993515000001935,0
492,-88,5088,14.294542000003275,0
492,-92,4696,14.590165000001434,0
491,-94,4335,14.877773000000161,0
482,-98,4001,15.160123000001477,0
443,-102,3777,15.437228000002506,0
443,-102,4039,15.745389000003343,0
443,-101,5825,16.044912999997905,1
443,-101,6414,16.328349000003072,1
443,-101,5952,16.62792199999967,1
443,-105,5602,16.91132800000196,1
443,-103,5167,17.190129000002344,1
296,-97,5408,17.488236999997753,1
451,-93,7369,17.801080999997794,0
451,-91,7813,18.085640000004787,0
453,-88,7358,18.39613400000235,0
452,-83,6656,18.738508000002184,0
437,-81,6148,19.09615699999995,0
452,-85,5571,19.484629999999015,0
448,-93,5045,19.812158000000636,0
441,-99,4565,20.210641999998188,0
427,-101,4221,20.552519000004395,0
357,-102,4487,20.904591999998956,0
357,-104,6191,21.307017999999516,1
357,-104,6067,21.63485500000388,1
357,-104,5484,21.987668000001577,1
357,-105,5058,22.28133499999967,1
357,-102,4666,22.629917999998725,1
372,-97,4735,22.96133099999861,1
479,-93,7637,23.296023000002606,0
469,-90,7896,23.673630000004778,0
479,-84,7287,23.983102999998664,0
480,-80,6724,24.316852000003564,0
478,-81,6205,24.61980500000209,0
479,-84,5727,24.926941999998235,0
464,-89,5289,25.22575599999982,0
472,-94,4891,25.53009100000054,0
465,-97,4522,25.823431000004348,0
470,-100,4181,26.154738000004727,0
405,-103,4154,26.471168000003672,0
405,-104,5662,26.79673900000489,1
405,-104,6461,27.076500000002852,1
405,-104,6028,27.349020000001474,1
405,-104,5674,27.64801599999919,1
405,-104,5233,27.95208200000343,1
405,-104,4827,28.232472000003327,1
310,-94,4713,28.591035000004922,1
208,-94,5890,28.948468000002322,0
219,-89,6091,29.35283100000379,0
218,-81,5400,29.77711999999883,0
219,-81,4985,30.120088000003307,0
220,-86,4601,30.415463999997883,0
218,-90,4163,30.774930999999924,0
220,-95,3843,31.16729900000064,0
214,-100,3479,31.49647499999992,0
201,-104,3294,31.830048000003444,0
201,-104,3616,32.17512600000191,1
201,-104,3434,32.520478999998886,1
201,-104,3168,32.85837700000411,1
201,-104,2863,33.198121000001265,1
212,-101,2720,33.56462399999873,1
392,-96,3533,33.919417000004614,1
395,-91,4961,34.26808600000368,0
391,-87,4820,34.61536000000342,0
396,-85,4364,34.95342199999868,0
392,-82,3950,35.339639999998326,0
395,-85,3647,35.696734999997716,0
395,-92,3301,36.04359100000147,0
395,-92,3048,36.372676999999385,0
379,-99,2781,36.74230499999976,0
313,-103,2662,37.069320000002335,0
313,-105,3496,37.389076999999816,1
313,-105,4294,37.7527889999983,1
313,-105,3966,38.0807380000042,1
313,-105,3658,38.39570700000331,1
313,-102,3374,38.7121679999982,1
249,-99,3424,39.135872999999265,1
454,-94,5035,39.44170999999915,0
453,-88,5675,39.76947400000063,0
438,-86,5242,40.09771400000318,0
452,-82,4838,40.43634800000291,0
452,-80,4378,40.760958999999275,0
451,-83,4041,41.104636000003666,0
450,-87,3657,41.457140999998956,0
450,-92,3377,41.77995000000374,0
452,-96,3119,42.07390500000474,0
435,-100,2882,42.390190999998595,0
421,-103,2936,42.68458400000236,0
421,-103,4477,42.99895700000343,0
421,-103,5355,43.38598600000114,1
421,-103,4906,43.671994000003906,1
421,-103,4525,43.995904000003065,1
421,-102,4173,44.29196000000229,1
209,-100,4099,44.62941200000205,1
223,-95,5332,44.90266800000245,1
219,-91,5800,45.22426799999812,0
224,-88,5596,45.602781000001414,0
223,-82,5062,45.960204000002705,0
223,-83,4673,46.238838999997824,1
224,-86,4400,46.49306200000137,0
223,-90,4062,46.78457899999921,0
223,-94,3827,47.05518000000302,0
358,-88,1019,0.0,0
351,-92,890,0.28231299999606563,0
356,-88,841,0.506215000001248,0
354,-87,796,0.7373179999995045,0
354,-89,752,0.9905930000022636,0
354,-89,710,1.2251279999982216,0
354,-88,671,1.4959600000001956,0
353,-87,634,1.736005999999179,0
352,-85,599,1.9978570000021136,0
352,-85,567,2.2331879999983357,0
353,-86,537,2.477579999998852,0
351,-87,509,2.7305770000020857,0
350,-85,484,2.9605000000010477,0
314,-85,462,3.1856389999957173,0
333,-83,441,3.431604999997944,0
340,-82,421,3.6658489999972517,0
350,-82,399,3.9059960000013234,0
348,-85,378,4.146697999996832,0
349,-82,358,4.383914999998524,0
348,-83,340,4.655572999996366,0
347,-79,317,4.918804000000819,0
347,-79,300,5.193745999997191,0
346,-80,285,5.468550999998115,0
347,-86,266,5.726871999999275,0
345,-86,254,5.975636999995913,0
328,-81,243,6.250089000001026,0
345,-83,232,6.507409999998345,0
344,-84,217,6.771344000000681,0
343,-83,206,7.0413100000005215,0
341,-85,194,7.305673000002571,0
341,-85,185,7.567536999995355,0
340,-86,176,7.82888400000229,0
340,-86,172,8.087635999996564,0
327,-89,172,8.367801000000327,0
325,-87,175,8.634436000000278,0
326,-90,179,8.902803999997559,0
338,-90,181,9.153927999999723,0
337,-90,181,9.434574999999313,0
337,-89,178,9.695514999999432,0
337,-93,170,9.979584000000614,0
336,-96,160,10.235117999996874,0
336,-96,153,10.514546999998856,0
334,-94,144,10.79994699999952,0
335,-96,139,11.073685999996087,0
327,-97,132,11.348984999996901,0
333,-92,129,11.602552999996988,0
331,-91,126,11.85743999999977,0
332,-93,121,12.14228600000206,0
331,-95,116,12.401690999999119,0
330,-94,112,12.65072599999985,0
330,-94,110,12.90030200000183,0
326,-97,107,13.181806000000506,0
328,-96,105,13.442110999996657,0
328,-96,101,13.721339999996417,0
299,-98,104,13.986165000002075,0
233,-102,124,14.248789999997825,0
142,-100,238,14.516478999998071,0
14,-100,654,14.769359999998414,0
220,-103,1070,15.004859000000579,1
220,-101,1218,15.265803000002052,1
220,-104,1289,15.534865000001446,1
220,-104,1224,15.78482300000178,1
220,-102,1282,16.072745999998006,1
220,-103,1464,16.309345000001485,1
220,-104,1592,16.593566999996256,1
220,-106,1693,16.85310699999536,1
220,-105,1609,17.104890999995405,1
220,-105,1514,17.375380999998015,1
220,-105,1397,17.63381500000105,1
220,-104,1314,17.904782999998133,1
220,-103,1212,18.19141700000182,1
220,-103,1141,18.455990000002203,1
220,-104,1074,18.718005999995512,1
220,-102,1011,18.98273799999879,1
220,-104,932,19.252518000001146,1
220,-103,940,19.548409999995783,1
220,-102,1181,19.80909999999858,1
47,-100,1378,20.077613000001293,1
231,-102,1570,20.333677000002353,1
226,-98,1897,20.618936999999278,1
500,-99,3772,20.884188999996695,1
503,-97,6241,21.16829599999619,1
501,-98,6256,21.438742999998794,1
505,-97,5892,21.715052999999898,0
505,-95,5549,21.976494000002276,0
506,-96,5122,22.252627000001667,0
508,-93,4728,22.54207199999655,0
507,-93,4453,22.80081500000233,0
503,-94,4193,23.05409900000086,0
504,-95,3949,23.32191199999943,0
503,-93,3646,23.602899999998044,0
504,-94,3434,23.876116999999795,0
503,-91,3235,24.13187199999811,0
504,-90,3048,24.398666000000958,0
505,-90,2815,24.677009999999427,0
502,-89,2653,24.935254999996687,0
502,-90,2499,25.18594199999643,0
486,-89,2362,25.457871999999043,0
499,-89,2195,25.736195999998017,0
491,-89,2080,25.99861499999679,0
498,-88,1932,26.285197999997763,0
494,-88,1831,26.561871999998402,0
495,-88,1704,26.8364619999993,0
497,-87,1617,27.08398099999613,0
496,-85,1533,27.352625999999873,0
492,-86,1418,27.62573700000212,0
493,-85,1337,27.90496500000154,0
492,-83,1238,28.18126299999858,0
491,-82,1168,28.45607100000052,0
490,-82,1103,28.708575999997265,0
489,-82,1021,28.98407099999895,0
488,-82,964,29.280126999998174,0
487,-85,894,29.53115799999796,0
486,-85,844,29.79873399999633,0
486,-83,797,30.062489999996615,0
485,-83,738,30.334059000000707,0
483,-79,697,30.590689999997267,0
482,-80,646,30.872278999995615,0
482,-82,611,31.13553200000024,0
478,-80,567,31.41587399999844,0
479,-80,536,31.68268800000078,0
478,-80,498,31.96155600000202,0
476,-80,471,32.24195299999701,0
476,-80,438,32.519719999996596,0
475,-80,415,32.79168899999786,0
474,-82,387,33.06998799999565,0
472,-82,366,33.348197999999684,0
465,-82,342,33.6205489999993,0
469,-84,324,33.901772999997775,0
467,-84,302,34.17355999999563,0
467,-84,287,34.437920999997004,0
466,-84,269,34.716442999997525,0
462,-86,255,34.99703299999965,0
463,-85,239,35.26621899999736,0
461,-86,228,35.554229000001214,0
455,-88,242,35.82286100000056,0
460,-88,252,36.09824500000104,0
458,-88,258,36.401169999997364,0
458,-88,245,36.65548499999568,0
443,-93,233,36.92123700000229,0
447,-90,218,37.19943500000227,0
454,-92,208,37.484543999999005,0
452,-95,196,37.74938799999654,0
451,-96,187,38.03504399999656,0
450,-93,176,38.3140029999995,0
449,-94,166,38.60888200000045,0
448,-98,162,38.90396299999702,0
445,-95,155,39.18218199999683,0
444,-94,149,39.451389000001654,0
444,-95,143,39.730139999999665,0
443,-95,139,40.01876500000071,0
441,-96,133,40.28321000000142,0
437,-96,129,40.551440999995975,0
436,-96,125,40.854802000001655,0
435,-97,123,41.137815000001865,0
433,-97,122,41.414552000002004,0
424,-100,118,41.68075500000123,0
429,-100,114,41.96962799999892,0
413,-100,111,42.24257399999624,0
395,-101,113,42.51632000000245,0
248,-103,531,42.83057199999894,0
75,-103,2119,43.10527500000171,0
75,-104,2724,43.416081999996095,1
75,-103,2591,43.687873999995645,1
75,-105,2390,43.96585200000118,1
75,-104,2249,44.23959299999842,1
75,-104,2075,44.5159050000002,1
75,-103,1953,44.80042200000025,1
75,-103,1801,45.072989000000234,1
75,-105,1695,45.337939999997616,1
75,-103,1595,45.610014999998384,1
220,-103,1516,45.89866400000028,1
220,-104,1596,46.17011099999945,1
220,-102,1651,46.43528099999821,1
220,-103,1817,46.688075999998546,1
263,-104,2163,46.981538,1
481,-96,3314,47.2449540000016,1
483,-98,4675,47.51661800000147,0
479,-97,4822,47.7858419999975,0
481,-98,4549,48.07316799999535,0
481,-96,4199,48.3337840000022,0
481,-95,3955,48.59978399999818,0
480,-95,3725,48.86727999999857,0
480,-94,3439,49.1444679999986,0
474,-93,3176,49.438560000002326,0
479,-94,2992,49.70782899999904,0
479,-93,2818,49.97000499999558,0
478,-90,2655,50.23419399999693,0
478,-92,2452,50.538926000001084,0
477,-92,2265,50.819431999996596,0
476,-90,2135,51.08567799999582,0
475,-90,2012,51.36327999999776,0
476,-90,1859,51.63050800000201,0
474,-89,1718,51.92065300000104,0
474,-91,1620,52.188021000001754,0
471,-92,1497,52.482638000001316,0
471,-92,1412,52.760066999995615,0
472,-91,1306,53.03424500000256,0
471,-87,1208,53.345203999997466,0
470,-90,1139,53.617200000000594,0
470,-85,1054,53.89745699999912,0
469,-87,994,54.174018999998225,0
467,-84,921,54.45670099999552,0
467,-83,869,54.74154399999679,0
458,-81,806,55.011107999998785,0
465,-82,763,55.29892000000109,0
464,-81,709,55.61925899999915,0
463,-79,658,55.888897999997425,0
459,-79,623,56.16655499999615,0
460,-80,584,56.437347999999474,0
460,-78,556,56.70493500000157,0
459,-78,517,56.98282599999948,0
458,-78,490,57.25637799999822,0
457,-78,455,57.522839999997814,0
450,-78,431,57.81650599999557,0
454,-78,400,58.097170000000915,0
454,-79,380,58.37909299999592,0
452,-80,355,58.649247000001196,0
452,-80,340,58.91549400000076,0
450,-80,326,59.18972699999722,0
449,-81,306,59.46749499999714,0
444,-85,290,59.738266000000294,0
443,-82,273,59.99964799999725,0
445,-83,262,60.26684999999998,0
444,-87,248,60.54809099999693,0
443,-87,236,60.81471500000043,0
443,-83,221,61.08951299999899,0
442,-85,211,61.35764100000233,0
441,-88,199,61.64088400000037,0
439,-90,187,61.95060099999682,0
439,-88,176,62.25060500000109,0
437,-87,168,62.507871000001614,0
436,-88,158,62.777343000001565,0
435,-88,149,63.08393100000103,0
434,-89,143,63.37199700000201,0
433,-90,135,63.6436360000007,0
432,-89,130,63.93710199999623,0
430,-90,123,64.19252499999857,0
430,-91,118,64.46310100000119,0
427,-91,113,64.74858700000186,0
427,-91,109,65.01050899999973,0
426,-93,104,65.28069600000163,0
425,-94,100,65.55678099999932,0
423,-94,96,65.83241599999747,0
423,-95,94,66.1019759999981,0
406,-97,92,66.38867000000027,0
420,-96,91,66.68067000000156,0
418,-97,90,66.96603399999731,0
412,-98,88,67.24151500000153,0
338,-102,108,67.51454399999784,0
219,-102,537,67.79078899999877,0
53,-99,1349,68.08098700000119,0
53,-102,1754,68.34833599999547,1
53,-103,1835,68.63907499999914,1
53,-105,1728,68.90366999999969,1
220,-104,1674,69.19737299999542,1
220,-101,1876,69.45534799999587,1
220,-103,2063,69.7172189999983,1
220,-103,2139,69.98715799999627,1
220,-104,2013,70.28826899999694,1
220,-105,1857,70.57121799999732,1
220,-104,1713,70.8417300000001,1
220,-105,1612,71.11414199999854,1
220,-105,1517,71.38025699999707,1
220,-105,1399,71.65800399999716,1
220,-101,1317,71.91501699999935,1
220,-103,1215,72.17052300000068,1
220,-102,1143,72.45299299999897,1
220,-103,1195,72.71858899999643,1
354,-100,1681,72.99736200000189,1
506,-100,4078,73.26266300000134,1
499,-100,5632,73.54847399999562,1
491,-98,5327,73.83224899999914,0
500,-98,4937,74.11794599999848,0
505,-99,4661,74.3811429999987,0
507,-99,4307,74.66702899999655,0
509,-97,4057,74.930594999998,0
508,-96,3747,75.21729300000152,0
508,-97,3533,75.48799100000178,0
497,-98,3334,75.76404799999727,0
508,-99,3085,76.0343969999958,0
496,-98,2854,76.32755200000247,0
499,-100,2695,76.59768900000199,0
500,-97,2505,76.90484599999763,0
499,-91,2333,77.20587700000033,0
501,-91,2159,77.49777000000176,0
503,-89,1995,77.77854500000103,0
501,-89,1882,78.0649179999964,0
502,-90,1742,78.38424700000178,0
500,-88,1612,78.64947299999767,0
499,-87,1519,78.93008299999929,0
498,-87,1406,79.22159300000203,0
497,-86,1328,79.50524500000029,0
498,-85,1230,79.77832900000067,0
496,-91,1138,80.07602300000144,0
494,-89,1074,80.34989499999938,0
494,-86,994,80.64740699999675,0
492,-86,922,80.92129099999875,0
490,-88,854,81.22836100000131,0
492,-85,792,81.51816600000166,0
490,-83,748,81.79867899999954,0
486,-82,693,82.07166499999585,0
485,-83,654,82.34761299999809,0
488,-84,607,82.63917699999729,0
485,-83,564,82.94586999999592,0
482,-84,523,83.21690800000215,0
481,-83,495,83.52919200000179,0
482,-83,460,83.81472100000246,0
481,-83,427,84.09904400000232,0
480,-82,397,84.39548400000058,0
478,-80,377,84.68286200000148,0
476,-80,351,85.00127599999541,0
470,-85,327,85.29376899999625,0
464,-80,305,85.59117300000071,0
473,-80,287,85.88815400000021,0
471,-81,268,86.20385600000009,0
470,-81,251,86.48717200000101,0
469,-82,240,86.77527399999963,0
465,-83,225,87.08049699999538,0
466,-83,211,87.38375300000189,0
465,-83,199,87.65926799999579,0
463,-83,188,87.96794699999737,0
463,-85,177,88.24600600000122,0
459,-85,170,88.5493690000003,0
459,-85,160,88.84415299999819,0
458,-88,151,89.11689399999887,0
455,-88,145,89.38498499999696,0
457,-87,137,89.68095000000176,0
455,-88,131,89.9655070000008,0
453,-90,125,90.26211999999941,0
451,-89,118,90.53841499999544,0
451,-94,114,90.81817500000034,0
449,-98,108,91.1001380000016,0
441,-97,103,91.39646399999765,0
444,-94,100,91.68187000000034,0
446,-93,98,91.99432800000068,0
440,-95,95,92.30294399999548,0
443,-99,92,92.5815700000021,0
442,-97,92,92.85392699999647,0
441,-95,93,93.13039299999946,0
437,-96,102,93.42787099999987,0
437,-97,110,93.71382099999755,0
431,-96,115,93.99624500000209,0
436,-96,111,94.29626099999587,0
420,-96,106,94.56962399999611,0
418,-99,102,94.86340899999777,0
417,-98,103,95.14944100000139,0
417,-98,103,95.43628499999613,0
392,-100,107,95.73254900000029,0
367,-101,580,96.02215299999807,0
53,-102,1800,96.33730999999534,0
220,-104,2464,96.64407499999652,1
220,-105,2657,96.91533199999685,1
220,-102,2799,97.19677099999535,1
220,-104,2623,97.48166299999866,1
220,-105,2420,97.74998799999594,1
220,-104,2232,98.04108599999745,1
220,-105,2100,98.33711899999616,1
220,-101,1937,98.61952400000155,1
220,-104,1787,98.93839699999808,1
220,-105,1648,99.21922500000073,1
220,-98,1592,99.50002900000254,1
261,-103,1890,99.81518900000083,1
165,-101,2289,100.10964499999682,0
220,-103,2669,100.38293700000213,0
282,-100,2958,100.67820499999652,0
267,-97,4469,100.96147399999609,0
272,-97,5292,101.26221200000145,0
269,-95,5195,101.62324599999556,0
272,-95,4796,101.89650000000256,0
273,-95,4428,102.18707100000029,0
273,-93,4088,102.49432800000068,0
272,-94,3774,102.77789199999825,0
272,-93,3554,103.0712779999958,0
274,-91,3282,103.35596699999587,0
272,-91,3031,103.6412879999989,0
272,-91,2799,103.94653499999549,0
273,-90,2637,104.24648799999704,0
270,-90,2435,104.52919300000212,0
271,-90,2249,104.82824399999663,0
271,-89,2078,105.11679400000139,0
271,-88,1920,105.41526699999667,0
268,-88,1810,105.73368299999856,0
270,-92,1673,106.01748999999836,0
270,-89,1546,106.30219199999556,0
270,-90,1430,106.59919100000116,0
265,-89,1322,106.90226399999665,0
271,-84,1223,107.19963099999586,0
270,-87,1153,107.49815700000181,0
264,-85,1069,107.79545099999814,0
269,-84,991,108.1062230000025,0
269,-86,918,108.40373900000122,0
269,-82,850,108.6954259999984,0
269,-80,787,109.03754800000024,0
269,-80,729,109.31734300000244,0
268,-79,676,109.6181529999958,0
259,-79,627,109.89759899999626,0
268,-78,582,110.2007420000009,0
267,-78,541,110.51196099999652,0
267,-78,512,110.79213699999673,0
268,-78,476,111.09791799999948,0
267,-78,442,111.38724599999841,0
267,-79,411,111.66859100000147,0
264,-80,383,111.97037599999749,0
266,-80,356,112.2834159999984,0
266,-80,332,112.59666599999764,0
265,-82,310,112.89463599999726,0
265,-82,289,113.20339299999614,0
265,-83,270,113.50956299999962,0
265,-85,253,113.81282600000122,0
265,-84,239,114.10280100000091,0
262,-86,230,114.38304000000062,0
264,-88,216,114.6524700000009,0
264,-85,203,114.9607759999999,0
264,-88,192,115.25500399999873,0
261,-91,183,115.54687399999966,0
263,-89,172,115.85333099999843,0
262,-88,162,116.1617299999998,0
262,-88,156,116.45264899999893,0
263,-89,148,116.73352399999567,0
259,-89,141,117.02892199999769,0
263,-89,133,117.33024799999839,0
262,-92,128,117.6182340000014,0
262,-91,122,117.9216430000015,0
261,-91,116,118.24858099999983,0
261,-93,111,118.52730399999564,0
261,-93,106,118.78381599999557,0
260,-94,102,119.07986199999868,0
259,-95,97,119.37818200000038,0
259,-95,93,119.65507100000104,0
260,-95,89,119.96054100000038,0
260,-95,86,120.27172900000005,0
256,-98,83,120.57625399999961,0
258,-98,80,120.87736900000164,0
252,-99,77,121.16846999999689,0
137,-99,144,121.45709199999692,0
247,-103,661,121.77534600000217,0
189,-104,1115,122.05389999999898,1
219,-102,1616,122.3530019999962,1
46,-102,1927,122.64210800000001,1
46,-104,2153,122.96815999999671,1
46,-104,2029,123.25513499999943,1
46,-103,1871,123.54436700000224,1
46,-103,1761,123.82698099999834,1
46,-104,1624,124.10895699999674,1
46,-104,1529,124.39446999999927,1
46,-103,1410,124.67598700000235,1
46,-103,1301,124.98509399999602,1
46,-102,1200,125.28561199999967,1
11,-100,1337,125.5797259999963,1
156,-104,1596,125.86163800000213,1
301,-99,1958,126.15810200000124,1
393,-99,2984,126.44346299999597,1
506,-101,3974,126.76245499999641,0
228,-97,4449,127.05595200000243,0
228,-99,4893,127.39847000000009,0
221,-98,4518,127.73081799999636,0
235,-97,4172,128.0143160000007,0
232,-97,3867,128.29860200000257,0
234,-97,3596,128.56514199999947,0
196,-100,3410,128.8737519999995,0
211,-96,3177,129.18289199999708,0
233,-97,2963,129.47161600000254,0
233,-97,2754,129.7557919999963,0
234,-95,2600,130.03275199999916,0
232,-95,2403,130.30187099999603,0
230,-92,2220,130.61759899999743,0
233,-93,2052,130.90941300000122,0
226,-91,1934,131.19421599999623,0
227,-94,1788,131.50014699999883,0
232,-90,1652,131.79430100000172,0
230,-88,1527,132.10785300000134,0
233,-88,1412,132.3925739999977,0
232,-93,1307,132.68336799999815,0
232,-88,1210,133.01132099999813,0
233,-86,1122,133.29397099999915,0
232,-86,1041,133.5961679999964,0
232,-84,964,133.89817600000242,0
232,-84,893,134.1814680000025,0
232,-85,844,134.48255799999606,0
232,-83,783,134.7844449999975,0
232,-84,725,135.08502099999896,0
232,-83,672,135.37420099999872,0
232,-83,624,135.68561999999656,0
233,-83,579,135.97285600000032,0
232,-82,537,136.28400300000067,0
232,-81,499,136.58021100000042,0
230,-82,464,136.88660399999935,0
231,-84,431,137.1805469999963,0
232,-83,408,137.46748300000036,0
229,-85,380,137.75933200000145,0
231,-84,354,138.05840499999613,0
232,-79,330,138.3745209999979,0
232,-81,308,138.6827140000023,0
232,-81,287,138.99585099999967,0
230,-81,268,139.29371299999912,0
231,-82,252,139.59974900000088,0
231,-82,236,139.89508399999613,0
230,-83,221,140.20008399999642,0
231,-85,207,140.5133629999982,0
230,-85,195,140.79260999999678,0
231,-85,183,141.11342100000184,0
224,-89,172,141.42493499999546,0
231,-89,163,141.70915599999717,0
231,-88,156,141.9941800000015,0
230,-91,148,142.31087999999727,0
231,-90,139,142.5960369999957,0
229,-91,132,142.90572999999858,0
228,-95,125,143.21292900000117,0
230,-92,119,143.5441439999995,0
230,-89,113,143.8268259999968,0
225,-96,107,144.12032299999555,0
228,-96,102,144.41728100000182,0
222,-94,98,144.74321200000122,0
230,-96,94,145.0640129999956,0
213,-96,90,145.37927800000034,0
191,-99,92,145.66367599999649,0
209,-101,140,145.94727499999863,0
224,-100,166,146.22894400000223,0
227,-104,326,146.54535400000168,0
225,-101,582,146.88034799999878,0
217,-102,781,147.18284399999538,0
159,-102,844,147.49432399999932,0
225,-96,996,147.78646599999774,0
231,-99,1204,148.10743499999808,0
224,-99,1292,148.41721400000097,0
226,-98,1196,148.7168010000023,0
187,-103,1158,149.02918800000043,0
107,-103,1600,149.3285229999965,1
220,-102,1899,149.62446700000146,1
220,-105,2043,149.91953900000226,1
220,-104,1980,150.20994500000234,1
220,-104,1826,150.51110199999675,1
220,-104,1685,150.81993199999852,1
220,-105,1554,151.12812000000122,1
220,-103,1433,151.4537760000021,1
220,-103,1322,151.76198199999635,1
220,-101,1219,152.06846499999665,1
220,-103,1368,152.36563799999567,1
220,-100,1512,152.66508800000156,1
124,-102,1853,152.98746499999834,1
78,-98,2132,153.30807800000184,0
192,-100,2433,153.64092600000004,0
358,-98,2925,153.94086499999685,0
214,-100,3770,154.21743399999832,0
213,-100,4236,154.51269299999694,0
198,-98,4149,154.8274420000016,0
211,-98,3905,155.1191800000015,1
183,-95,3685,155.4246639999983,1
215,-94,3447,155.7165789999999,0
214,-94,3187,156.00603099999717,0
215,-94,3002,156.27604599999904,0
213,-92,2774,156.57250499999645,0
214,-92,2563,156.85733900000196,0
218,-92,2368,157.14172300000064,0
219,-90,2231,157.4321359999958,0
215,-91,2061,157.71461599999748,0
217,-89,1905,158.0038829999976,0
215,-89,1762,158.29968199999712,0
218,-89,1662,158.57744999999704,0
213,-88,1537,158.86901899999793,0
219,-88,1422,159.17030299999897,0
218,-86,1316,159.47488999999769,0
218,-86,1217,159.76311500000156,0
217,-86,1126,160.06504499999573,0
219,-85,1042,160.3732999999993,0
217,-90,964,160.6739430000016,0
218,-89,910,160.96219199999905,0
217,-88,843,161.25095499999588,0
217,-84,781,161.5374260000026,0
218,-82,723,161.83819499999663,0
218,-84,670,162.13147400000162,0
218,-84,633,162.42470299999695,0
218,-84,588,162.701473000001,0
218,-80,556,162.98457400000188,0
218,-79,516,163.28278200000204,0
218,-79,479,163.56763599999977,0
218,-79,454,163.84096200000204,0
218,-79,423,164.12672400000156,0
217,-79,393,164.41753400000016,0
218,-79,366,164.70789800000057,0
215,-79,341,165.00483800000075,0
218,-80,318,165.33762299999944,0
218,-80,297,165.6264169999995,0
218,-80,277,165.92445099999895,0
197,-82,259,166.2230980000022,0
213,-84,242,166.53201299999637,0
217,-82,227,166.8134910000008,0
218,-83,212,167.14214199999697,0
217,-84,199,167.4284950000001,0
217,-83,191,167.7373860000007,0
216,-87,186,168.04063699999824,0
217,-87,181,168.34081599999627,0
216,-86,170,168.63560999999754,0
218,-91,161,168.94198699999833,0
217,-92,151,169.23308600000018,0
217,-91,143,169.56236199999694,0
210,-92,135,169.85996899999736,0
216,-94,128,170.16770199999883,0
218,-91,122,170.4730569999956,0
216,-91,116,170.75865299999714,0
217,-92,110,171.06755999999586,0
218,-91,105,171.37533699999767,0
217,-93,101,171.67483999999968,0
218,-94,97,171.97294899999542,0
217,-93,93,172.2774500000014,0
216,-93,89,172.58047599999554,0
217,-95,86,172.8908850000007,0
217,-96,82,173.20591199999762,0
213,-95,80,173.51165999999648,0
215,-98,77,173.80267800000001,0
217,-96,81,174.1171600000016,0
217,-97,85,174.40840000000026,0
195,-99,86,174.72569700000167,0
202,-98,86,175.00536799999827,0
200,-99,84,175.30739999999787,0
124,-100,86,175.59641199999896,0
124,-103,368,175.89642399999866,1
220,-101,760,176.21347099999548,1
220,-102,923,176.4940970000025,1
220,-103,1029,176.7740169999961,1
220,-105,949,177.1001729999989,1
220,-105,876,177.39068899999984,1
220,-107,808,177.68096800000058,1
220,-106,745,177.97486599999684,1
220,-105,687,178.2942550000007,1
220,-103,634,178.5903760000001,1
220,-101,584,178.88393899999937,1
90,-101,680,179.19001600000047,1
295,-99,1200,179.50819200000115,1
509,-100,2981,179.82544400000188,1
513,-99,4179,180.1263889999973,0
511,-97,3980,180.44185299999663,0
512,-96,3675,180.7291170000026,0
512,-97,3394,181.03068599999824,0
513,-96,3134,181.34139799999684,0
512,-95,2896,181.6435149999961,0
506,-95,2676,182.0295479999986,0
509,-94,2285,182.73464899999817,0
506,-93,1913,183.37995199999568,0
502,-92,1635,183.9147279999961,0
217,-87,1028,0.0,0
217,-88,899,0.2922340000004624,0
217,-91,850,0.544369999995979,0
215,-91,804,0.7805829999997513,0
218,-93,765,1.0310699999972712,0
218,-93,730,1.2709370000011404,0
218,-96,698,1.5136849999980768,0
212,-98,663,1.7549419999995735,0
207,-100,631,2.0045129999998608,0
200,-100,605,2.258363000000827,0
136,-100,597,2.505460000000312,0
35,-102,699,2.7555690000008326,0
35,-102,927,2.982895000001008,1
35,-104,1033,3.2298010000013164,1
35,-104,994,3.4620359999971697,1
35,-105,936,3.692815000002156,1
35,-104,881,3.9178499999979977,1
35,-103,829,4.135450000001583,1
35,-103,780,4.368654999998398,1
35,-103,734,4.605671999997867,1
35,-103,691,4.84858499999973,1
35,-103,650,5.114711000001989,1
35,-103,600,5.380219999999099,1
35,-103,565,5.632649999999558,1
35,-103,531,5.89614900000015,1
35,-105,500,6.145520999998553,1
35,-106,471,6.390826999995625,1
35,-100,443,6.661173000000417,1
223,-101,486,6.908773999995901,1
216,-102,922,7.161360999998578,1
230,-102,1317,7.413013999997929,1
244,-98,1585,7.689945999998599,0
155,-102,1688,7.946846999999252,0
354,-97,1808,8.206216999999015,0
367,-96,2192,8.475361999997403,0
371,-97,2408,8.735576999999466,0
371,-96,2282,8.9832649999953,0
367,-95,2110,9.258939999999711,0
373,-94,1989,9.526133999999729,0
371,-93,1875,9.795149999998102,0
372,-88,1733,10.044599000000744,0
369,-90,1634,10.32626899999741,0
371,-87,1512,10.600398000002315,0
370,-88,1426,10.893984000002092,0
370,-86,1320,11.163809999998193,0
370,-81,1244,11.416730999997526,0
370,-81,1174,11.674206999996386,0
368,-80,1086,11.939436000000569,0
369,-83,1025,12.217330999999831,0
371,-85,949,12.492699999995239,0
367,-81,896,12.754978999997547,0
362,-82,846,13.019233999999415,0
367,-83,799,13.276389999999083,0
366,-83,741,13.544176999996125,0
366,-87,700,13.807662999999593,0
363,-89,662,14.104157000001578,0
365,-89,613,14.355040999995254,0
365,-91,580,14.62358200000017,0
365,-91,538,14.892738000002282,0
361,-93,509,15.193869999995513,0
363,-93,473,15.441756000000169,0
363,-94,448,15.707086000002164,0
360,-96,420,15.98260499999742,0
362,-98,400,16.247163,0
289,-100,385,16.51850199999899,0
142,-102,762,16.77385299999878,0
142,-101,1702,17.00920600000245,0
142,-104,2211,17.29697799999849,1
142,-105,2075,17.55141100000037,1
142,-105,1953,17.802614000000176,1
142,-102,1838,18.05811800000083,1
142,-106,1696,18.341389000001072,1
142,-108,1596,18.611941999995906,1
142,-107,1472,18.89347799999814,1
142,-107,1385,19.172413000000233,1
142,-107,1278,19.439920999997412,1
142,-107,1203,19.69976499999757,1
142,-105,1109,19.97197700000106,1
142,-106,1044,20.22318300000188,1
142,-106,983,20.465599999995902,1
142,-104,925,20.743022000002384,1
142,-102,870,20.99854100000084,1
142,-103,803,21.266132999997353,1
189,-100,936,21.5455129999973,1
220,-102,1108,21.794066000002204,1
51,-100,1312,22.044066000002204,1
308,-102,1551,22.298236999995424,0
320,-99,2098,22.592597999995633,0
313,-97,2628,22.84019499999704,0
317,-97,2498,23.10157700000127,0
318,-95,2356,23.348143999995955,0
317,-92,2179,23.625458000002254,0
319,-95,2056,23.873039999998582,0
320,-91,1938,24.12822199999937,0
321,-90,1791,24.40009999999893,0
319,-91,1688,24.676651000001584,0
318,-87,1560,24.943893999996362,0
318,-88,1471,25.20640899999853,0
318,-87,1387,25.45766100000037,0
319,-87,1286,25.73518299999705,0
316,-83,1219,25.990210999996634,0
319,-81,1155,26.263263000000734,0
316,-82,1073,26.526378000002296,0
317,-84,1012,26.7909359999976,0
316,-82,955,27.056237999997393,0
318,-83,885,27.327103999996325,0
316,-85,835,27.59556899999734,0
317,-85,788,27.85605999999825,0
316,-87,730,28.107629999998608,0
316,-85,690,28.365043999998306,0
315,-87,652,28.64555300000211,0
315,-88,605,28.891219999997702,0
315,-89,572,29.14485699999932,0
314,-90,541,29.416724000002432,0
315,-92,502,29.709760999998252,0
315,-94,475,29.972156999996514,0
313,-95,442,30.228094999998575,0
313,-96,418,30.509274999996705,0
304,-98,389,30.784304000000702,0
306,-98,369,31.063624000002164,0
295,-100,345,31.34079699999711,0
304,-100,334,31.62792199999967,0
153,-102,646,31.890848999995796,0
220,-102,1263,32.160893000000215,1
220,-103,1648,32.424628000000666,1
220,-103,1727,32.691483000002336,1
220,-105,1649,32.97627700000157,1
220,-105,1552,33.227044999999634,1
220,-105,1460,33.4881830000013,1
220,-105,1347,33.73930699999619,1
220,-105,1268,33.9876529999965,1
220,-105,1193,34.26772699999856,1
220,-105,1100,34.53957599999558,1
220,-102,1015,34.813287999997556,1
220,-104,955,35.06425399999716,1
220,-103,899,35.34137199999532,1
220,-103,829,35.590305999998236,1
215,-103,865,35.8541550000009,1
76,-102,1173,36.104739000002155,1
233,-103,1485,36.375387000000046,0
149,-100,1773,36.66461100000015,0
289,-97,2231,36.92194899999595,0
288,-96,2787,37.20985800000199,0
286,-96,2898,37.48390500000096,0
286,-94,2730,37.75183200000174,0
289,-93,2522,38.02276200000051,0
286,-92,2376,38.28829299999779,0
288,-90,2194,38.556962000002386,0
289,-88,2068,38.82544599999528,0
286,-89,1911,39.106308999995235,0
288,-87,1801,39.36928900000203,0
288,-87,1697,39.643997999999556,0
290,-84,1571,39.90805099999852,0
288,-82,1485,40.17773199999647,0
286,-82,1377,40.458059999997204,0
287,-81,1300,40.744793999998365,0
285,-81,1202,41.0266599999959,0
285,-80,1113,41.322762999996485,0
286,-82,1050,41.599999999998545,0
287,-83,972,41.87859799999569,0
287,-84,918,42.15983899999992,0
287,-86,850,42.42208899999969,0
286,-87,804,42.70155099999829,0
285,-88,747,43.014595000000554,0
286,-91,692,43.275267999997595,0
285,-94,642,43.57738799999788,0
285,-94,608,43.86066299999948,0
285,-94,565,44.132465999995475,0
281,-97,535,44.409662999998545,0
284,-94,498,44.68616900000052,0
282,-96,472,44.955205999998725,0
275,-97,447,45.218607999995584,0
188,-102,461,45.51322000000073,0
171,-101,536,45.778974000000744,0
121,-100,639,46.04773800000112,0
220,-102,916,46.322786999997334,1
220,-103,1185,46.625466999998025,1
220,-103,1424,46.90980899999704,1
220,-105,1361,47.189855999997235,1
220,-105,1281,47.46271799999522,1
220,-105,1181,47.74660500000027,1
220,-105,1089,48.012558999995235,1
220,-105,1025,48.28678899999795,1
220,-105,946,48.57005599999684,1
220,-105,890,48.84682099999918,1
220,-105,821,49.13554299999669,1
220,-104,773,49.398088000001735,1
220,-101,713,49.69586899999558,1
220,-101,657,49.985673999995925,1
220,-101,988,50.27583600000071,1
225,-100,1417,50.57680199999595,1
311,-99,1990,50.84521700000187,1
518,-102,3236,51.12096600000223,1
219,-100,3738,51.405289000002085,1
221,-98,4668,51.693922999998904,0
222,-93,4719,52.00631799999974,0
222,-92,4359,52.33149599999888,0
222,-92,4024,52.61248499999783,0
220,-93,3790,52.87876600000163,0
222,-94,3500,53.14034199999878,0
221,-91,3297,53.42293400000199,0
218,-86,3044,53.69057800000155,0
212,-86,2868,53.95600199999899,0
222,-83,2649,54.23986100000184,0
221,-84,2496,54.5065190000023,0
221,-82,2305,54.78986199999781,0
222,-81,2130,55.08209299999726,0
221,-81,2007,55.3373849999989,0
221,-80,1892,55.59697099999903,0
223,-82,1749,55.86552099999972,0
222,-82,1649,56.12531899999885,0
221,-83,1554,56.3914700000023,0
221,-84,1437,56.66968800000177,0
223,-86,1329,56.95067299999937,0
217,-85,1254,57.2045020000005,0
222,-88,1160,57.48828299999877,0
220,-89,1094,57.76404299999558,0
220,-90,1013,58.059307999996236,0
222,-91,956,58.32724800000142,0
219,-93,885,58.58909200000198,0
219,-96,835,58.86430799999653,0
220,-99,779,59.139211000001524,0
217,-97,743,59.415407000000414,0
221,-102,712,59.66379400000005,0
220,-99,694,59.938868999997794,0
97,-98,748,60.19477199999528,0
71,-103,892,60.458881999998994,0
71,-100,1063,60.745874000000185,1
71,-103,1054,61.021466999998665,1
71,-105,976,61.272736999999324,1
71,-103,919,61.53146900000138,1
71,-102,865,61.77975200000219,1
71,-102,814,62.03649700000096,1
71,-102,766,62.296448000000964,1
71,-102,721,62.55718999999954,1
71,-102,678,62.811837000001105,1
71,-102,626,63.05468100000144,1
71,-102,589,63.305656999997154,1
71,-103,554,63.57035299999552,1
71,-104,522,63.81603200000245,1
71,-103,491,64.0631379999977,1
220,-106,564,64.35567099999753,1
220,-101,706,64.60890500000096,1
96,-100,1035,64.89026799999556,1
249,-100,1312,65.17880200000218,1
423,-98,1790,65.44202999999834,1
421,-97,2540,65.71170100000018,0
423,-95,2539,65.98899099999835,0
423,-98,2350,66.27022700000089,0
420,-95,2215,66.55234999999811,0
423,-94,2046,66.81779499999539,0
423,-95,1928,67.09645399999863,0
421,-91,1782,67.37315999999555,0
416,-90,1647,67.65890899999795,0
420,-88,1554,67.94731299999694,0
419,-89,1439,68.20645399999921,0
421,-87,1358,68.44016399999964,0
221,-88,697,0.0,0
200,-90,615,0.2911309999981313,0
224,-92,581,0.5411929999972926,0
222,-92,553,0.7832759999946575,0
207,-94,530,1.0495709999959217,0
210,-95,506,1.2945869999966817,0
181,-97,484,1.5510749999957625,0
220,-95,461,1.8124859999952605,0
208,-97,442,2.0486389999932726,0
169,-100,433,2.2935359999974025,0
103,-102,606,2.568759999994654,0
220,-101,1052,2.826655999997456,1
220,-102,1242,3.057580999993661,1
220,-102,1377,3.2869769999961136,1
220,-101,1556,3.5390989999941667,1
220,-101,1744,3.778306000000157,1
220,-103,1919,4.018544999998994,1
220,-102,2023,4.265241999994032,1
220,-100,1910,4.501781999999366,1
220,-102,1798,4.748053999996046,1
220,-102,1692,5.011110999999801,1
220,-103,1560,5.267282999993768,1
220,-103,1469,5.523783999997249,1
220,-101,1382,5.768850999993447,1
220,-102,1301,6.023483999997552,1
220,-103,1200,6.299914999995963,1
220,-101,1129,6.576809999998659,1
220,-103,1021,7.222915999998804,1
220,-101,1155,7.496272999997018,1
13,-100,1446,7.750922999999602,1
67,-102,1769,8.059966999993776,1
146,-102,2110,8.335758999994141,1
179,-98,2252,8.607817999996769,0
453,-98,2607,8.883981999999378,0
453,-98,3589,9.1681799999933,0
447,-98,3581,9.445575999998255,0
451,-94,3309,9.711271000000124,0
452,-97,3119,9.991414999996778,0
451,-98,2884,10.2611109999998,0
448,-96,2719,10.52836699999898,0
453,-95,2514,10.806087999997544,0
447,-89,2370,11.093252999999095,0
451,-91,2189,11.37754099999438,0
450,-87,2063,11.645390999998199,0
449,-89,1944,11.920202999994217,0
449,-85,1797,12.1854319999984,0
448,-83,1693,12.456849999995029,0
449,-81,1597,12.739890999997442,0
448,-81,1476,13.021687999993446,0
445,-79,1365,13.308281999998144,0
444,-78,1287,13.574791999999434,0
447,-77,1191,13.851051999998163,0
445,-77,1124,14.112794999993639,0
445,-77,1041,14.389503999998851,0
443,-79,982,14.660488999994413,0
441,-80,909,14.943015999997442,0
440,-81,859,15.217938999994658,0
440,-82,795,15.50518000000011,0
442,-83,737,15.798838999995496,0
440,-84,696,16.079408999998122,0
440,-87,645,16.37867899999401,0
439,-86,598,16.66287999999622,0
424,-88,565,16.949064999993425,0
437,-91,526,17.21675499999401,0
433,-94,502,17.4941089999993,0
435,-100,470,17.76312699999835,0
435,-98,448,18.03264599999966,0
339,-100,474,18.30854199999885,0
327,-102,681,18.601136999997834,0
429,-99,947,18.880790999995952,0
286,-99,1202,19.180281999993895,0
364,-101,1323,19.461427999995067,0
364,-101,1496,19.742513999997755,0
37,-102,2521,20.020765999994182,1
37,-101,2956,20.310376999994332,1
37,-102,2740,20.5765739999988,1
37,-102,2578,20.844575999995868,1
37,-103,2378,21.1250499999951,1
37,-103,2238,21.406984999994165,1
37,-105,2065,21.693623999999545,1
37,-104,1904,21.975232999997388,1
37,-103,1792,22.26491299999907,1
37,-103,1653,22.588829999993322,1
37,-104,1525,22.856343999999808,1
37,-102,1435,23.122163,1
37,-104,1324,23.38967099999718,1
37,-104,1246,23.672916999996232,1
37,-103,1149,23.961033999999927,1
37,-102,1060,24.250103999998828,1
37,-102,997,24.52798499999335,1
37,-103,920,24.79359399999521,1
37,-102,866,25.07847000000038,1
37,-104,799,25.343841999994766,1
37,-102,752,25.60942999999679,1
220,-100,783,25.875146999998833,1
220,-100,878,26.140824999994948,1
405,-96,1295,26.422042999998666,1
391,-99,3323,26.706696999994165,1
403,-97,4386,26.995913999999175,1
405,-97,4086,27.29667999999947,0
402,-93,3874,27.57392699999764,0
402,-92,3611,27.855405999995128,0
402,-90,3340,28.13296399999672,0
405,-90,3146,28.42324099999678,0
404,-88,2906,28.6909169999999,0
404,-87,2737,28.966247999996995,0
404,-86,2529,29.2448430000004,0
402,-84,2384,29.52738799999497,0
401,-83,2204,29.80627199999435,0
401,-82,2037,30.09817899999325,0
400,-80,1919,30.374525999999605,0
402,-80,1775,30.65331299999525,0
400,-79,1674,30.93499499999598,0
400,-79,1548,31.20917599999666,0
401,-79,1431,31.522675999993226,0
400,-80,1350,31.790095999996993,0
398,-80,1273,32.04720599999564,0
397,-82,1178,32.35768399999506,0
397,-88,1089,32.652594999999565,0
396,-86,1008,32.92827799999941,0
396,-87,951,33.20112599999993,0
387,-92,881,33.481613999996625,0
395,-89,832,33.75970899999811,0
394,-94,771,34.04756699999416,0
393,-95,715,34.322738999995636,0
394,-91,676,34.58864899999753,0
368,-96,633,34.86163899999519,0
382,-97,607,35.14359699999477,0
374,-98,574,35.431354999993346,0
349,-97,542,35.7113579999932,0
387,-96,516,35.98975399999472,0
382,-97,484,36.244862999999896,0
378,-100,460,36.52365599999757,0
379,-102,653,36.82854899999802,0
379,-104,2083,37.10736299999553,1
131,-98,2831,37.431033999993815,1
11,-99,3092,37.700888999999734,1
221,-102,3348,37.9813989999966,1
220,-102,3636,38.28186099999584,1
220,-102,3834,38.55355199999758,1
220,-103,3847,38.82538399999612,1
220,-102,3577,39.10416399999667,1
220,-104,3366,39.383820999995805,1
220,-104,3105,39.66409199999907,1
220,-103,2864,39.95737299999746,1
220,-102,2695,40.248399999996764,1
220,-101,2486,40.508711999995285,1
220,-101,2340,40.81293799999548,1
220,-101,2158,41.08144899999752,1
220,-101,1991,41.38666799999919,1
220,-101,1836,41.66549399999349,1
220,-102,1728,41.94345299999986,1
220,-102,1594,42.23051999999734,1
214,-99,1659,42.507912999994005,1
309,-97,2092,42.777602999995,1
451,-97,3453,43.05790299999353,1
444,-96,3901,43.32683699999325,0
457,-96,3686,43.60647899999458,0
458,-95,3474,43.87945099999342,0
456,-94,3209,44.15699699999823,0
458,-94,3025,44.4562439999936,0
454,-91,2796,44.72858699999779,0
459,-94,2585,45.00592999999935,0
456,-93,2435,45.28198399999383,0
456,-92,2250,45.558389999998326,0
456,-88,2120,45.83148699999583,0
455,-90,1959,46.0916059999945,0
456,-85,1846,46.35650099999475,0
453,-87,1706,46.638694999994186,0
454,-86,1609,46.91124199999467,0
452,-85,1487,47.18239399999584,0
453,-80,1403,47.44776699999784,0
453,-83,1323,47.70536799999536,0
452,-81,1224,47.973041999997804,0
452,-81,1154,48.24704599999677,0
450,-77,1069,48.51217599999654,0
451,-83,1008,48.78270699999848,0
449,-83,951,49.04160099999717,0
448,-85,881,49.32265899999766,0
447,-85,831,49.59539099999529,0
447,-86,785,49.859583999997994,0
446,-85,728,50.130514999997104,0
446,-88,688,50.396155999995244,0
439,-91,638,50.670157999993535,0
444,-90,602,50.9558709999983,0
439,-90,559,51.24331600000005,0
443,-91,519,51.52254199999879,0
442,-90,491,51.815293999999994,0
441,-93,456,52.09123899999395,0
439,-96,432,52.345854999999574,0
437,-94,402,52.6213329999955,0
437,-98,381,52.90338199999678,0
437,-96,356,53.16740199999913,0
408,-100,341,53.44732799999474,0
398,-101,330,53.71502899999905,0
287,-101,368,53.98384199999418,0
274,-102,1129,54.25054499999533,0
220,-102,1799,54.52272699999594,1
220,-101,2244,54.7890849999967,1
220,-101,2446,55.08102899999358,1
220,-101,2610,55.34375,1
220,-101,2725,55.619262999993225,1
220,-103,2600,55.87379799999326,1
220,-102,2398,56.127654999996594,1
220,-101,2257,56.38639499999408,1
220,-103,2082,56.6590889999934,1
220,-103,1959,56.92424000000028,1
220,-104,1844,57.174473999999464,1
220,-104,1701,57.424809999996796,1
220,-103,1601,57.69428199999675,1
220,-103,1507,57.94819099999586,1
220,-102,1390,58.221111999999266,1
220,-101,1308,58.47433900000033,1
220,-101,1206,58.73007499999949,1
220,-101,1136,59.029467000000295,1
220,-103,1047,59.29641899999842,1
220,-98,986,59.562748999996984,1
152,-99,1272,59.829118999994535,1
121,-99,1458,60.086866999998165,0
327,-99,1737,60.34814199999528,0
340,-97,2464,60.603955999999016,0
344,-96,2742,60.86188299999776,0
343,-96,2534,61.135600999994494,0
346,-92,2387,61.38722399999824,0
340,-93,2250,61.663496999994095,0
338,-91,2084,61.9314830000003,0
344,-89,1971,62.19745599999442,0
344,-89,1867,62.470273999999336,0
344,-86,1733,62.72586500000034,0
345,-87,1634,62.99332399999548,0
344,-84,1541,63.26325999999972,0
345,-84,1425,63.54530099999829,0
340,-82,1317,63.805601000000024,0
343,-84,1243,64.05943399999524,0
346,-86,1173,64.32658999999694,0
343,-84,1111,64.57511899999372,0
344,-83,1033,64.85731300000043,0
340,-81,976,65.1364889999968,0
342,-77,904,65.39402299999347,0
343,-79,856,65.67916100000002,0
342,-80,797,65.9557879999993,0
341,-80,756,66.22966199999792,0
341,-82,702,66.50732799999969,0
340,-82,663,66.76345399999991,0
340,-84,616,67.50492899999517,1
338,-85,582,67.75678699999844,1
337,-86,540,68.06618499999604,1
338,-87,502,68.36056199999439,1
338,-90,466,68.6422839999941,1
337,-89,441,68.91291199999978,1
334,-92,410,69.19438199999422,0
337,-94,389,69.48821999999927,0
334,-94,363,69.74829299999692,0
336,-94,345,70.01175199999852,0
334,-95,327,70.29048999999941,0
332,-97,308,70.54943999999523,0
324,-99,294,70.82559199999378,0
321,-98,276,71.10937899999408,0
329,-100,266,71.38547699999617,0
331,-99,259,71.6459029999969,0
159,-102,467,71.94205099999817,0
220,-103,1194,72.21711899999355,0
89,-102,1744,72.49354099999618,1
89,-102,1814,72.7683079999988,1
220,-102,1903,73.04194499999721,1
220,-101,1942,73.33778499999607,1
220,-102,1952,73.60416699999769,1
220,-102,1837,73.87200599999778,1
220,-103,1729,74.14004399999976,1
220,-101,1595,74.43158399999811,1
220,-103,1501,74.7025469999935,1
220,-102,1384,74.97221499999432,1
150,-101,1546,75.25083299999824,1
220,-101,1820,75.52332299999398,1
31,-101,2065,75.80448199999955,1
186,-101,2389,76.06922099999792,1
56,-100,2530,76.34887699999672,1
220,-98,2710,76.64183199999388,1
429,-98,3549,76.919372999997,1
429,-98,5023,77.18677899999602,0
434,-98,4983,77.46226799999567,0
439,-96,4600,77.74431099999492,0
442,-94,4332,78.02192499999364,0
440,-94,3999,78.28768299999501,0
442,-92,3766,78.57101599999442,0
434,-92,3477,78.85711299999821,0
440,-90,3275,79.13664900000003,0
437,-92,3025,79.46865799999796,0
437,-90,2684,80.00234400000045,0
438,-91,2292,80.50213499999518,0
437,-85,2119,80.79933099999471,0
137,-94,803,0.0,0
147,-96,737,0.4138719999973546,0
147,-98,674,0.7816359999997076,0
135,-100,622,1.1779270000042743,0
123,-103,612,1.534401999997499,0
123,-102,759,1.8656429999973625,1
123,-103,834,2.2304740000035963,1
123,-103,769,2.579863999999361,1
123,-103,695,2.9505189999981667,1
123,-103,641,3.2990290000016103,1
123,-103,579,3.6625439999988885,1
123,-103,534,4.046833000000333,1
123,-103,483,4.391935999999987,1
123,-103,437,4.757985000003828,1
123,-103,395,5.136447999997472,1
123,-103,364,5.504933000003803,1
101,-102,613,5.916369999999006,1
165,-98,1016,6.322050000002491,0
167,-95,1022,6.755263999999443,0
164,-95,911,7.185772000004363,0
167,-92,830,7.60166400000162,0
164,-90,741,8.021827000004123,0
178,-89,677,8.430317999998806,0
178,-91,618,8.826359999999113,0
179,-93,574,9.220328000003065,0
179,-99,523,9.621510999997554,0
179,-99,486,9.999946000003547,0
175,-101,443,10.40936800000054,0
179,-102,409,10.817660000000615,0
34,-103,464,11.192119999999704,0
34,-102,739,11.542488999999478,1
34,-103,759,11.921676999998454,1
34,-103,700,12.251033000000461,1
34,-103,646,12.604394000001776,1
34,-103,596,12.967440000000352,1
34,-103,549,13.32229599999846,1
34,-103,496,13.68179699999746,1
34,-103,449,14.058236999997462,1
34,-103,414,14.450503000000026,1
34,-103,374,14.83605499999976,1
34,-103,345,15.199126999999862,1
63,-99,732,15.617569000001822,1
151,-99,1007,15.991280000002007,0
153,-96,986,16.403558999998495,0
150,-94,913,16.769172000000253,0
153,-91,830,17.150824000003922,0
154,-91,770,17.537837000003492,0
152,-89,701,17.93616800000018,0
156,-91,650,18.317548999999417,0
155,-91,592,18.733087000000523,0
155,-93,540,19.101706000001286,0
153,-97,502,19.50209999999788,0
150,-100,456,19.931977000000188,0
220,-99,559,20.33192599999893,0
220,-103,843,20.718958999997994,1
220,-101,959,21.083403999997245,1
220,-103,867,21.450517999997828,1
220,-103,784,21.816596999997273,1
220,-103,708,22.21662500000093,1
220,-103,640,22.60405300000275,1
220,-103,591,22.973691999999573,1
220,-103,545,23.42456900000252,1
220,-103,492,23.784273999997822,1
220,-102,454,24.19272600000113,1
220,-102,410,24.565647000003082,1
220,-102,371,24.952873000002,1
220,-98,342,25.332871999999043,1
335,-100,1818,25.70159699999931,1
346,-98,2891,26.09631100000115,0
348,-94,2618,26.530202000001736,0
348,-93,2371,26.91678800000227,0
347,-89,2147,27.303335999997216,0
348,-90,1945,27.702825000000303,0
347,-92,1797,28.068036999997275,0
348,-94,1629,28.48478299999988,0
348,-97,1448,28.934758000003058,0
340,-99,1314,29.303185999997368,0
307,-100,1201,29.71276200000284,0
164,-101,1505,30.104032000002917,0
164,-102,2590,30.466160000003583,1
164,-102,2518,30.816257999998925,1
164,-102,2322,31.20246500000212,1
164,-102,2099,31.550405000001774,1
164,-102,1936,31.931344000004174,1
164,-102,1750,32.299440000002505,1
164,-102,1614,32.648886000002676,1
164,-102,1459,33.001241999998456,1
164,-102,1346,33.36935700000322,1
164,-102,1216,33.749675999999454,1
164,-102,1122,34.10813500000222,1
164,-102,1014,34.50449600000138,1
164,-100,917,34.863812000003236,1
248,-99,1292,35.28276999999798,1
337,-97,2315,35.69845499999792,0
335,-92,2150,36.17035900000337,0
336,-90,1951,36.59030399999756,0
337,-88,1767,37.01683200000116,0
336,-89,1602,37.419038,0
333,-92,1452,37.83761500000401,0
348,-94,1317,38.249854000001505,0
347,-98,1199,38.670711999999185,0
335,-97,1069,39.09015499999805,0
327,-103,989,39.47976000000199,0
234,-101,966,39.84952599999815,0
234,-103,2075,40.25091699999757,1
234,-103,2583,40.62197600000218,1
234,-103,2385,40.986581999997725,1
234,-103,2200,41.32536899999832,1
234,-103,2029,41.67929400000139,1
234,-103,1872,42.01456799999869,1
234,-103,1726,42.34824800000206,1
234,-103,1592,42.70380400000431,1
234,-103,1469,43.072745999998006,1
234,-103,1328,43.42177800000354,1
234,-103,1200,43.83159899999737,1
31,-103,1308,44.21544200000062,1
100,-101,1687,44.6097030000019,1
132,-98,1711,45.03180499999871,0
170,-95,1623,45.457837000001746,0
163,-91,1463,45.915303000001586,0
170,-91,1326,46.36451300000044,0
169,-90,1204,46.79284700000426,0
