latency,RSSI,filtered latency,attn1,attn2,TIMESTAMP
1,-103,1,-107374182,51,2023-04-25 16:04:45.408741
1,-103,1,-107374182,54,2023-04-25 16:04:45.726897
1,-103,1,-107374182,48,2023-04-25 16:04:45.949045
1,-103,1,-107374182,45,2023-04-25 16:04:46.175225
1,-104,1,-107374182,39,2023-04-25 16:04:46.386731
1,-102,1,-107374182,33,2023-04-25 16:04:46.686391
1,-96,1,-107374182,30,2023-04-25 16:04:46.944130
1,-92,1,-107374182,24,2023-04-25 16:04:47.187555
1,-92,1,-107374182,27,2023-04-25 16:04:47.423728
1,-97,1,-107374182,30,2023-04-25 16:04:47.658298
1,-101,1,-107374182,36,2023-04-25 16:04:47.988519
1,-102,1,-107374182,42,2023-04-25 16:04:48.244102
1,-105,1,-107374182,48,2023-04-25 16:04:48.489667
1,-105,1,-107374182,51,2023-04-25 16:04:48.707422
1,-105,1,-107374182,54,2023-04-25 16:04:48.955956
1,-105,1,-107374182,51,2023-04-25 16:04:49.176774
1,-105,1,-107374182,45,2023-04-25 16:04:49.398743
1,-104,1,-107374182,42,2023-04-25 16:04:49.611417
1,-103,1,-107374182,36,2023-04-25 16:04:49.846559
1,-99,1,-107374182,30,2023-04-25 16:04:50.118776
1,-93,1,-107374182,27,2023-04-25 16:04:50.388336
1,-92,1,-107374182,24,2023-04-25 16:04:50.610923
1,-94,1,-107374182,27,2023-04-25 16:04:50.831041
1,-98,1,-107374182,33,2023-04-25 16:04:51.077807
1,-102,1,-107374182,36,2023-04-25 16:04:51.282553
1,-103,1,-107374182,42,2023-04-25 16:04:51.499958
1,-104,1,-107374182,45,2023-04-25 16:04:51.736103
1,-104,1,-107374182,51,2023-04-25 16:04:51.946825
1,-104,1,-107374182,54,2023-04-25 16:04:52.173970
1,-104,1,-107374182,51,2023-04-25 16:04:52.437580
1,-104,1,-107374182,45,2023-04-25 16:04:52.691619
1,-104,1,-107374182,42,2023-04-25 16:04:52.915573
1,-102,1,-107374182,36,2023-04-25 16:04:53.243752
1,-98,1,-107374182,30,2023-04-25 16:04:53.455542
1,-95,1,-107374182,27,2023-04-25 16:04:53.661745
1,-92,1,-107374182,24,2023-04-25 16:04:53.889561
1,-94,1,-107374182,27,2023-04-25 16:04:54.104281
1,-97,1,-107374182,30,2023-04-25 16:04:54.328282
1,-100,1,-107374182,36,2023-04-25 16:04:54.541967
1,-104,1,-107374182,39,2023-04-25 16:04:54.782642
1,-103,1,-107374182,45,2023-04-25 16:04:54.990696
1,-103,1,-107374182,48,2023-04-25 16:04:55.216847
1,-103,1,-107374182,54,2023-04-25 16:04:55.433555
1,-103,1,-107374182,54,2023-04-25 16:04:55.658312
1,-103,1,-107374182,48,2023-04-25 16:04:55.897801
1,-103,1,-107374182,45,2023-04-25 16:04:56.136119
1,-101,1,-107374182,39,2023-04-25 16:04:56.337017
1,-102,1,-107374182,36,2023-04-25 16:04:56.548363
1,-99,1,-107374182,30,2023-04-25 16:04:56.746957
1,-93,1,-107374182,27,2023-04-25 16:04:56.955162
1,-92,1,-107374182,24,2023-04-25 16:04:57.188396
1,-94,1,-107374182,27,2023-04-25 16:04:57.423330
1,-98,1,-107374182,30,2023-04-25 16:04:57.638539
1,-101,1,-107374182,36,2023-04-25 16:04:57.879150
1,-103,1,-107374182,39,2023-04-25 16:04:58.093137
1,-101,1,-107374182,45,2023-04-25 16:04:58.331895
1,-101,1,-107374182,51,2023-04-25 16:04:58.543746
1,-101,1,-107374182,54,2023-04-25 16:04:58.780066
1,-101,1,-107374182,54,2023-04-25 16:04:59.004840
1,-101,1,-107374182,48,2023-04-25 16:04:59.244862
1,-101,1,-107374182,42,2023-04-25 16:04:59.537956
1,-100,1,-107374182,36,2023-04-25 16:04:59.773492
1,-99,1,-107374182,33,2023-04-25 16:04:59.999889
1,-98,1,-107374182,27,2023-04-25 16:05:00.212542
1,-93,1,-107374182,24,2023-04-25 16:05:00.435075
1,-93,1,-107374182,27,2023-04-25 16:05:00.671987
1,-97,1,-107374182,30,2023-04-25 16:05:00.953547
1,-100,1,-107374182,36,2023-04-25 16:05:01.205683
1,-101,1,-107374182,42,2023-04-25 16:05:01.442596
1,-101,1,-107374182,48,2023-04-25 16:05:01.729869
1,-101,1,-107374182,51,2023-04-25 16:05:01.979627
1,-101,1,-107374182,54,2023-04-25 16:05:02.208554
1,-101,1,-107374182,51,2023-04-25 16:05:02.444631
1,-101,1,-107374182,45,2023-04-25 16:05:02.704181
1,-103,1,-107374182,39,2023-04-25 16:05:02.918293
1,-101,1,-107374182,36,2023-04-25 16:05:03.143956
1,-98,1,-107374182,30,2023-04-25 16:05:03.427440
1,-95,1,-107374182,27,2023-04-25 16:05:03.655884
1,-92,1,-107374182,24,2023-04-25 16:05:03.895467
1,-95,1,-107374182,30,2023-04-25 16:05:04.144721
1,-100,1,-107374182,33,2023-04-25 16:05:04.353191
1,-102,1,-107374182,39,2023-04-25 16:05:04.589694
1,-102,1,-107374182,42,2023-04-25 16:05:04.812538
1,-103,1,-107374182,48,2023-04-25 16:05:05.030488
1,-103,1,-107374182,51,2023-04-25 16:05:05.214435
1,-103,1,-107374182,54,2023-04-25 16:05:05.448974
1,-103,1,-107374182,51,2023-04-25 16:05:05.670315
1,-103,1,-107374182,48,2023-04-25 16:05:05.890605
1,-103,1,-107374182,42,2023-04-25 16:05:06.116675
1,-101,1,-107374182,39,2023-04-25 16:05:06.330996
1,-104,1,-107374182,33,2023-04-25 16:05:06.561840
1,-97,1,-107374182,30,2023-04-25 16:05:06.750156
1,-94,1,-107374182,27,2023-04-25 16:05:06.971070
1,-92,1,-107374182,24,2023-04-25 16:05:07.242135
1,-95,1,-107374182,30,2023-04-25 16:05:07.472204
1,-100,1,-107374182,36,2023-04-25 16:05:07.762203
1,-102,1,-107374182,39,2023-04-25 16:05:07.981026
1,-102,1,-107374182,45,2023-04-25 16:05:08.198429
1,-102,1,-107374182,48,2023-04-25 16:05:08.421000
1,-102,1,-107374182,54,2023-04-25 16:05:08.673204
1,-102,1,-107374182,54,2023-04-25 16:05:08.895444
1,-102,1,-107374182,48,2023-04-25 16:05:09.163537
1,-102,1,-107374182,42,2023-04-25 16:05:09.413213
1,-102,1,-107374182,39,2023-04-25 16:05:09.625558
1,-100,1,-107374182,33,2023-04-25 16:05:09.840791
1,-97,1,-107374182,30,2023-04-25 16:05:10.072973
1,-94,1,-107374182,24,2023-04-25 16:05:10.313551
1,-92,1,-107374182,24,2023-04-25 16:05:10.555888
1,-99,1,-107374182,30,2023-04-25 16:05:10.800579
1,-101,1,-107374182,36,2023-04-25 16:05:11.078342
1,-104,1,-107374182,39,2023-04-25 16:05:11.300582
1,-104,1,-107374182,45,2023-04-25 16:05:11.543736
1,-104,1,-107374182,48,2023-04-25 16:05:11.762181
1,-104,1,-107374182,54,2023-04-25 16:05:11.978707
1,-104,1,-107374182,54,2023-04-25 16:05:12.191224
1,-104,1,-107374182,48,2023-04-25 16:05:12.411534
1,-104,1,-107374182,45,2023-04-25 16:05:12.626123
1,-104,1,-107374182,42,2023-04-25 16:05:12.833261
1,-104,1,-107374182,36,2023-04-25 16:05:13.059054
1,-102,1,-107374182,30,2023-04-25 16:05:13.304230
1,-93,1,-107374182,27,2023-04-25 16:05:13.538014
1,-92,1,-107374182,24,2023-04-25 16:05:13.795094
1,-95,1,-107374182,27,2023-04-25 16:05:14.008687
1,-99,1,-107374182,33,2023-04-25 16:05:14.258573
1,-103,1,-107374182,36,2023-04-25 16:05:14.509467
1,-102,1,-107374182,42,2023-04-25 16:05:14.790797
1,-103,1,-107374182,48,2023-04-25 16:05:15.048455
1,-103,1,-107374182,54,2023-04-25 16:05:15.329485
1,-103,1,-107374182,51,2023-04-25 16:05:15.581489
1,-103,1,-107374182,48,2023-04-25 16:05:15.815529
1,-103,1,-107374182,42,2023-04-25 16:05:16.152114
1,-103,1,-107374182,36,2023-04-25 16:05:16.426983
1,-100,1,-107374182,30,2023-04-25 16:05:16.671446
1,-95,1,-107374182,27,2023-04-25 16:05:16.886603
1,-91,1,-107374182,24,2023-04-25 16:05:17.099704
1,-94,1,-107374182,27,2023-04-25 16:05:17.347938
1,-100,1,-107374182,33,2023-04-25 16:05:17.591870
1,-102,1,-107374182,39,2023-04-25 16:05:17.835648
1,-102,1,-107374182,45,2023-04-25 16:05:18.178142
1,-102,1,-107374182,48,2023-04-25 16:05:18.400660
1,-102,1,-107374182,54,2023-04-25 16:05:18.669437
1,-102,1,-107374182,51,2023-04-25 16:05:18.912235
1,-102,1,-107374182,48,2023-04-25 16:05:19.135479
1,-102,1,-107374182,42,2023-04-25 16:05:19.359670
1,-101,1,-107374182,39,2023-04-25 16:05:19.626091
1,-98,1,-107374182,33,2023-04-25 16:05:19.881248
1,-95,1,-107374182,27,2023-04-25 16:05:20.116993
1,-93,1,-107374182,24,2023-04-25 16:05:20.354916
1,-95,1,-107374182,27,2023-04-25 16:05:20.643861
1,-100,1,-107374182,33,2023-04-25 16:05:20.882707
1,-100,1,-107374182,36,2023-04-25 16:05:21.086517
1,-103,1,-107374182,42,2023-04-25 16:05:21.328479
1,-104,1,-107374182,48,2023-04-25 16:05:21.666940
1,-104,1,-107374182,54,2023-04-25 16:05:21.896765
1,-104,1,-107374182,54,2023-04-25 16:05:22.123384
1,-104,1,-107374182,48,2023-04-25 16:05:22.371362
1,-104,1,-107374182,45,2023-04-25 16:05:22.569948
1,-104,1,-107374182,39,2023-04-25 16:05:22.827301
1,-101,1,-107374182,36,2023-04-25 16:05:23.062754
1,-97,1,-107374182,30,2023-04-25 16:05:23.283119
1,-94,1,-107374182,24,2023-04-25 16:05:23.541460
1,-92,1,-107374182,24,2023-04-25 16:05:23.802876
1,-96,1,-107374182,30,2023-04-25 16:05:24.059672
1,-100,1,-107374182,36,2023-04-25 16:05:24.287053
1,-103,1,-107374182,39,2023-04-25 16:05:24.548966
1,-102,1,-107374182,48,2023-04-25 16:05:24.891752
1,-102,1,-107374182,51,2023-04-25 16:05:25.149122
1,-102,1,-107374182,54,2023-04-25 16:05:25.494663
1,-102,1,-107374182,45,2023-04-25 16:05:25.776010
1,-102,1,-107374182,42,2023-04-25 16:05:25.993673
1,-103,1,-107374182,39,2023-04-25 16:05:26.223177
1,-99,1,-107374182,33,2023-04-25 16:05:26.526555
1,-95,1,-107374182,27,2023-04-25 16:05:26.762160
1,-92,1,-107374182,24,2023-04-25 16:05:26.984459
1,-92,1,-107374182,27,2023-04-25 16:05:27.206579
1,-99,1,-107374182,33,2023-04-25 16:05:27.505727
1,-102,1,-107374182,36,2023-04-25 16:05:27.741749
1,-102,1,-107374182,42,2023-04-25 16:05:27.969628
1,-103,1,-107374182,48,2023-04-25 16:05:28.185372
1,-103,1,-107374182,51,2023-04-25 16:05:28.397681
1,-103,1,-107374182,54,2023-04-25 16:05:28.622146
1,-103,1,-107374182,51,2023-04-25 16:05:28.910864
1,-103,1,-107374182,45,2023-04-25 16:05:29.105038
1,-104,1,-107374182,42,2023-04-25 16:05:29.340589
1,-101,1,-107374182,36,2023-04-25 16:05:29.587859
1,-98,1,-107374182,30,2023-04-25 16:05:29.847266
1,-94,1,-107374182,27,2023-04-25 16:05:30.099799
1,-92,1,-107374182,24,2023-04-25 16:05:30.352769
1,-94,1,-107374182,30,2023-04-25 16:05:30.608648
1,-99,1,-107374182,33,2023-04-25 16:05:30.884165
1,-102,1,-107374182,39,2023-04-25 16:05:31.154071
1,-103,1,-107374182,45,2023-04-25 16:05:31.370286
1,-103,1,-107374182,48,2023-04-25 16:05:31.620753
1,-103,1,-107374182,54,2023-04-25 16:05:31.917088
1,-103,1,-107374182,51,2023-04-25 16:05:32.171163
1,-103,1,-107374182,45,2023-04-25 16:05:32.503762
1,-103,1,-107374182,39,2023-04-25 16:05:32.727151
1,-102,1,-107374182,36,2023-04-25 16:05:32.969365
1,-97,1,-107374182,30,2023-04-25 16:05:33.216205
1,-92,1,-107374182,24,2023-04-25 16:05:33.527141
1,-92,1,-107374182,27,2023-04-25 16:05:33.810841
1,-100,1,-107374182,30,2023-04-25 16:05:34.066366
1,-102,1,-107374182,36,2023-04-25 16:05:34.336183
1,-103,1,-107374182,42,2023-04-25 16:05:34.600768
1,-103,1,-107374182,48,2023-04-25 16:05:34.871941
1,-103,1,-107374182,51,2023-04-25 16:05:35.099800
1,-103,1,-107374182,54,2023-04-25 16:05:35.371291
1,-103,1,-107374182,48,2023-04-25 16:05:35.573633
1,-103,1,-107374182,45,2023-04-25 16:05:35.798313
1,-105,1,-107374182,42,2023-04-25 16:05:36.010541
1,-103,1,-107374182,36,2023-04-25 16:05:36.238574
1,-98,1,-107374182,30,2023-04-25 16:05:36.517311
1,-95,1,-107374182,27,2023-04-25 16:05:36.746523
1,-93,1,-107374182,24,2023-04-25 16:05:36.960190
1,-96,1,-107374182,27,2023-04-25 16:05:37.212507
1,-97,1,-107374182,33,2023-04-25 16:05:37.511111
1,-102,1,-107374182,39,2023-04-25 16:05:37.750972
1,-102,1,-107374182,45,2023-04-25 16:05:37.966107
1,-102,1,-107374182,48,2023-04-25 16:05:38.184859
1,-102,1,-107374182,54,2023-04-25 16:05:38.450745
1,-102,1,-107374182,51,2023-04-25 16:05:38.747173
1,-102,1,-107374182,48,2023-04-25 16:05:38.994653
1,-102,1,-107374182,42,2023-04-25 16:05:39.241351
1,-101,1,-107374182,39,2023-04-25 16:05:39.474347
1,-99,1,-107374182,33,2023-04-25 16:05:39.733926
1,-95,1,-107374182,27,2023-04-25 16:05:39.990883
1,-91,1,-107374182,24,2023-04-25 16:05:40.205151
1,-94,1,-107374182,27,2023-04-25 16:05:40.420164
1,-96,1,-107374182,30,2023-04-25 16:05:40.629376
1,-99,1,-107374182,36,2023-04-25 16:05:40.855796
1,-101,1,-107374182,39,2023-04-25 16:05:41.081758
1,-105,1,-107374182,45,2023-04-25 16:05:41.347993
1,-105,1,-107374182,51,2023-04-25 16:05:41.607219
1,-105,1,-107374182,54,2023-04-25 16:05:41.855126
1,-105,1,-107374182,51,2023-04-25 16:05:42.060429
1,-105,1,-107374182,48,2023-04-25 16:05:42.281206
1,-105,1,-107374182,42,2023-04-25 16:05:42.520016
1,-103,1,-107374182,39,2023-04-25 16:05:42.738092
1,-101,1,-107374182,33,2023-04-25 16:05:42.993762
1,-95,1,-107374182,27,2023-04-25 16:05:43.247247
1,-93,1,-107374182,24,2023-04-25 16:05:43.512794
1,-94,1,-107374182,27,2023-04-25 16:05:43.812852
1,-99,1,-107374182,33,2023-04-25 16:05:44.057124
1,-101,1,-107374182,39,2023-04-25 16:05:44.296195
1,-104,1,-107374182,42,2023-04-25 16:05:44.510479
1,-102,1,-107374182,45,2023-04-25 16:05:44.739123
1,-102,1,-107374182,51,2023-04-25 16:05:44.976456
1,-102,1,-107374182,54,2023-04-25 16:05:45.226870
1,-102,1,-107374182,51,2023-04-25 16:05:45.457433
1,-102,1,-107374182,45,2023-04-25 16:05:45.655956
1,-104,1,-107374182,42,2023-04-25 16:05:45.905803
1,-100,1,-107374182,36,2023-04-25 16:05:46.157799
1,-98,1,-107374182,30,2023-04-25 16:05:46.417399
1,-93,1,-107374182,27,2023-04-25 16:05:46.652439
1,-91,1,-107374182,24,2023-04-25 16:05:46.879385
1,-95,1,-107374182,27,2023-04-25 16:05:47.103773
1,-100,1,-107374182,33,2023-04-25 16:05:47.342688
1,-101,1,-107374182,36,2023-04-25 16:05:47.593196
1,-100,1,-107374182,42,2023-04-25 16:05:47.818806
1,-101,1,-107374182,48,2023-04-25 16:05:48.120249
1,-101,1,-107374182,54,2023-04-25 16:05:48.462865
1,-101,1,-107374182,51,2023-04-25 16:05:48.704984
1,-101,1,-107374182,48,2023-04-25 16:05:48.903846
1,-101,1,-107374182,42,2023-04-25 16:05:49.102287
1,-102,1,-107374182,42,2023-04-25 16:05:49.336169
1,-102,1,-107374182,33,2023-04-25 16:05:49.595771
1,-97,1,-107374182,30,2023-04-25 16:05:49.843427
1,-92,1,-107374182,24,2023-04-25 16:05:50.080985
1,-93,1,-107374182,24,2023-04-25 16:05:50.305430
1,-96,1,-107374182,30,2023-04-25 16:05:50.602206
1,-101,1,-107374182,36,2023-04-25 16:05:50.819060
1,-102,1,-107374182,42,2023-04-25 16:05:51.068227
1,-102,1,-107374182,45,2023-04-25 16:05:51.276682
1,-102,1,-107374182,48,2023-04-25 16:05:51.489779
1,-102,1,-107374182,54,2023-04-25 16:05:51.721156
1,-102,1,-107374182,54,2023-04-25 16:05:51.984731
1,-102,1,-107374182,48,2023-04-25 16:05:52.265953
1,-104,1,-107374182,42,2023-04-25 16:05:52.535718
1,-102,1,-107374182,36,2023-04-25 16:05:52.805974
1,-97,1,-107374182,30,2023-04-25 16:05:53.060990
1,-95,1,-107374182,27,2023-04-25 16:05:53.324209
1,-90,1,-107374182,27,2023-04-25 16:05:53.658744
1,-99,1,-107374182,33,2023-04-25 16:05:53.948652
1,-103,1,-107374182,36,2023-04-25 16:05:54.193493
1,-102,1,-107374182,42,2023-04-25 16:05:54.432088
1,-103,1,-107374182,48,2023-04-25 16:05:54.671192
1,-103,1,-107374182,51,2023-04-25 16:05:54.934982
1,-103,1,-107374182,54,2023-04-25 16:05:55.199680
1,-103,1,-107374182,48,2023-04-25 16:05:55.459660
1,-103,1,-107374182,45,2023-04-25 16:05:55.728109
1,-101,1,-107374182,39,2023-04-25 16:05:56.026011
1,-99,1,-107374182,33,2023-04-25 16:05:56.295358
1,-94,1,-107374182,27,2023-04-25 16:05:56.558055
1,-91,1,-107374182,24,2023-04-25 16:05:56.810049
1,-93,1,-107374182,27,2023-04-25 16:05:57.026100
1,-97,1,-107374182,33,2023-04-25 16:05:57.272145
1,-101,1,-107374182,39,2023-04-25 16:05:57.525990
1,-103,1,-107374182,42,2023-04-25 16:05:57.765099
1,-102,1,-107374182,48,2023-04-25 16:05:57.988985
1,-102,1,-107374182,51,2023-04-25 16:05:58.218681
1,-102,1,-107374182,54,2023-04-25 16:05:58.487952
1,-102,1,-107374182,51,2023-04-25 16:05:58.708690
1,-102,1,-107374182,45,2023-04-25 16:05:58.999861
1,-102,1,-107374182,39,2023-04-25 16:05:59.236888
1,-101,1,-107374182,36,2023-04-25 16:05:59.449522
1,-98,1,-107374182,30,2023-04-25 16:05:59.701992
1,-94,1,-107374182,27,2023-04-25 16:05:59.933832
1,-92,1,-107374182,24,2023-04-25 16:06:00.214611
1,-97,1,-107374182,30,2023-04-25 16:06:00.484437
1,-99,1,-107374182,36,2023-04-25 16:06:00.718690
1,-101,1,-107374182,39,2023-04-25 16:06:00.994923
1,-102,1,-107374182,45,2023-04-25 16:06:01.206999
1,-102,1,-107374182,48,2023-04-25 16:06:01.468028
1,-102,1,-107374182,54,2023-04-25 16:06:01.697055
1,-102,1,-107374182,51,2023-04-25 16:06:01.967466
1,-102,1,-107374182,45,2023-04-25 16:06:02.249075
1,-102,1,-107374182,42,2023-04-25 16:06:02.485933
1,-101,1,-107374182,36,2023-04-25 16:06:02.722349
1,-98,1,-107374182,30,2023-04-25 16:06:02.975695
1,-95,1,-107374182,27,2023-04-25 16:06:03.237308
1,-92,1,-107374182,24,2023-04-25 16:06:03.506828
1,-96,1,-107374182,30,2023-04-25 16:06:03.724151
1,-100,1,-107374182,33,2023-04-25 16:06:03.981842
1,-102,1,-107374182,39,2023-04-25 16:06:04.285618
1,-102,1,-107374182,45,2023-04-25 16:06:04.510926
1,-102,1,-107374182,51,2023-04-25 16:06:04.761443
1,-102,1,-107374182,54,2023-04-25 16:06:05.034022
1,-102,1,-107374182,51,2023-04-25 16:06:05.266153
1,-102,1,-107374182,48,2023-04-25 16:06:05.491169
1,-103,1,-107374182,42,2023-04-25 16:06:05.730096
1,-103,1,-107374182,39,2023-04-25 16:06:05.951072
1,-97,1,-107374182,33,2023-04-25 16:06:06.186156
1,-99,1,-107374182,27,2023-04-25 16:06:06.430150
1,-93,1,-107374182,24,2023-04-25 16:06:06.701624
1,-94,1,-107374182,27,2023-04-25 16:06:06.916505
1,-97,1,-107374182,30,2023-04-25 16:06:07.141087
1,-101,1,-107374182,36,2023-04-25 16:06:07.365273
1,-102,1,-107374182,42,2023-04-25 16:06:07.601164
1,-106,1,-107374182,45,2023-04-25 16:06:07.822626
1,-106,1,-107374182,51,2023-04-25 16:06:08.152678
1,-106,1,-107374182,54,2023-04-25 16:06:08.388213
1,-106,1,-107374182,51,2023-04-25 16:06:08.641284
1,-106,1,-107374182,45,2023-04-25 16:06:08.869670
1,-104,1,-107374182,42,2023-04-25 16:06:09.128251
1,-99,1,-107374182,33,2023-04-25 16:06:09.460862
1,-96,1,-107374182,30,2023-04-25 16:06:09.739546
1,-93,1,-107374182,24,2023-04-25 16:06:10.030340
1,-95,1,-107374182,27,2023-04-25 16:06:10.308103
1,-101,1,-107374182,33,2023-04-25 16:06:10.607393
1,-102,1,-107374182,39,2023-04-25 16:06:10.823835
1,-102,1,-107374182,42,2023-04-25 16:06:11.049989
1,-103,1,-107374182,48,2023-04-25 16:06:11.273651
1,-103,1,-107374182,51,2023-04-25 16:06:11.519152
1,-103,1,-107374182,54,2023-04-25 16:06:11.812584
1,-103,1,-107374182,48,2023-04-25 16:06:12.073392
1,-103,1,-107374182,42,2023-04-25 16:06:12.297591
1,-101,1,-107374182,39,2023-04-25 16:06:12.564763
1,-99,1,-107374182,33,2023-04-25 16:06:12.792238
1,-98,1,-107374182,30,2023-04-25 16:06:13.001424
1,-92,1,-107374182,24,2023-04-25 16:06:13.248004
1,-92,1,-107374182,27,2023-04-25 16:06:13.496864
1,-100,1,-107374182,30,2023-04-25 16:06:13.756397
1,-101,1,-107374182,36,2023-04-25 16:06:14.052917
1,-103,1,-107374182,42,2023-04-25 16:06:14.308063
1,-104,1,-107374182,48,2023-04-25 16:06:14.615567
1,-104,1,-107374182,54,2023-04-25 16:06:14.911759
1,-104,1,-107374182,51,2023-04-25 16:06:15.182018
1,-104,1,-107374182,48,2023-04-25 16:06:15.421917
1,-104,1,-107374182,42,2023-04-25 16:06:15.734800
1,-101,1,-107374182,36,2023-04-25 16:06:15.966967
1,-99,1,-107374182,30,2023-04-25 16:06:16.191831
1,-94,1,-107374182,27,2023-04-25 16:06:16.486681
1,-92,1,-107374182,24,2023-04-25 16:06:16.781810
1,-97,1,-107374182,30,2023-04-25 16:06:17.077254
1,-101,1,-107374182,36,2023-04-25 16:06:17.326662
1,-101,1,-107374182,42,2023-04-25 16:06:17.549911
1,-102,1,-107374182,45,2023-04-25 16:06:17.797119
1,-102,1,-107374182,51,2023-04-25 16:06:18.066031
1,-102,1,-107374182,54,2023-04-25 16:06:18.309448
1,-102,1,-107374182,51,2023-04-25 16:06:18.538868
1,-102,1,-107374182,45,2023-04-25 16:06:18.752241
1,-102,1,-107374182,42,2023-04-25 16:06:18.949582
1,-103,1,-107374182,39,2023-04-25 16:06:19.174471
1,-97,1,-107374182,33,2023-04-25 16:06:19.398048
1,-96,1,-107374182,27,2023-04-25 16:06:19.694154
1,-92,1,-107374182,24,2023-04-25 16:06:20.046579
1,-96,1,-107374182,30,2023-04-25 16:06:20.264717
1,-98,1,-107374182,36,2023-04-25 16:06:20.547303
1,-100,1,-107374182,39,2023-04-25 16:06:20.820884
1,-101,1,-107374182,45,2023-04-25 16:06:21.080593
1,-101,1,-107374182,51,2023-04-25 16:06:21.399303
1,-101,1,-107374182,54,2023-04-25 16:06:21.600616
1,-101,1,-107374182,51,2023-04-25 16:06:21.855924
1,-101,1,-107374182,45,2023-04-25 16:06:22.104185
1,-102,1,-107374182,39,2023-04-25 16:06:22.383358
1,-99,1,-107374182,33,2023-04-25 16:06:22.678724
1,-96,1,-107374182,30,2023-04-25 16:06:22.905261
1,-92,1,-107374182,24,2023-04-25 16:06:23.151132
1,-91,1,-107374182,24,2023-04-25 16:06:23.403019
1,-96,1,-107374182,30,2023-04-25 16:06:23.678204
1,-102,1,-107374182,36,2023-04-25 16:06:23.994173
1,-104,1,-107374182,42,2023-04-25 16:06:24.298943
1,-104,1,-107374182,48,2023-04-25 16:06:24.551230
1,-104,1,-107374182,54,2023-04-25 16:06:24.784842
1,-104,1,-107374182,51,2023-04-25 16:06:25.091037
1,-104,1,-107374182,48,2023-04-25 16:06:25.322304
1,-104,1,-107374182,42,2023-04-25 16:06:25.581163
1,-103,1,-107374182,39,2023-04-25 16:06:25.816204
1,-100,1,-107374182,33,2023-04-25 16:06:26.046848
1,-95,1,-107374182,27,2023-04-25 16:06:26.301536
1,-92,1,-107374182,24,2023-04-25 16:06:26.540350
1,-95,1,-107374182,27,2023-04-25 16:06:26.848435
1,-99,1,-107374182,33,2023-04-25 16:06:27.088833
1,-102,1,-107374182,39,2023-04-25 16:06:27.341543
1,-102,1,-107374182,42,2023-04-25 16:06:27.594542
1,-102,1,-107374182,48,2023-04-25 16:06:27.812473
1,-102,1,-107374182,54,2023-04-25 16:06:28.088820
1,-102,1,-107374182,54,2023-04-25 16:06:28.377908
1,-102,1,-107374182,48,2023-04-25 16:06:28.603564
1,-102,1,-107374182,42,2023-04-25 16:06:28.848204
1,-103,1,-107374182,39,2023-04-25 16:06:29.072354
1,-102,1,-107374182,33,2023-04-25 16:06:29.282509
1,-97,1,-107374182,30,2023-04-25 16:06:29.506855
1,-94,1,-107374182,24,2023-04-25 16:06:29.730001
1,-92,1,-107374182,24,2023-04-25 16:06:29.991249
1,-97,1,-107374182,30,2023-04-25 16:06:30.271062
1,-102,1,-107374182,36,2023-04-25 16:06:30.536512
1,-104,1,-107374182,42,2023-04-25 16:06:30.844078
1,-103,1,-107374182,45,2023-04-25 16:06:31.074977
1,-103,1,-107374182,51,2023-04-25 16:06:31.302498
1,-103,1,-107374182,54,2023-04-25 16:06:31.672064
1,-103,1,-107374182,48,2023-04-25 16:06:31.910789
1,-103,1,-107374182,45,2023-04-25 16:06:32.135616
1,-102,1,-107374182,39,2023-04-25 16:06:32.373527
1,-101,1,-107374182,33,2023-04-25 16:06:32.607192
1,-97,1,-107374182,27,2023-04-25 16:06:32.904933
1,-92,1,-107374182,24,2023-04-25 16:06:33.178189
1,-93,1,-107374182,27,2023-04-25 16:06:33.393452
1,-96,1,-107374182,30,2023-04-25 16:06:33.643090
1,-104,1,-107374182,36,2023-04-25 16:06:33.880537
1,-103,1,-107374182,42,2023-04-25 16:06:34.102820
1,-102,1,-107374182,45,2023-04-25 16:06:34.352448
1,-102,1,-107374182,51,2023-04-25 16:06:34.648996
1,-102,1,-107374182,54,2023-04-25 16:06:34.898073
1,-102,1,-107374182,48,2023-04-25 16:06:35.149656
1,-102,1,-107374182,45,2023-04-25 16:06:35.380789
1,-103,1,-107374182,39,2023-04-25 16:06:35.614432
1,-100,1,-107374182,33,2023-04-25 16:06:35.906262
1,-97,1,-107374182,30,2023-04-25 16:06:36.136839
1,-92,1,-107374182,24,2023-04-25 16:06:36.365501
1,-92,1,-107374182,24,2023-04-25 16:06:36.635586
1,-97,1,-107374182,30,2023-04-25 16:06:36.880942
1,-99,1,-107374182,36,2023-04-25 16:06:37.124596
1,-100,1,-107374182,39,2023-04-25 16:06:37.357691
1,-102,1,-107374182,45,2023-04-25 16:06:37.584220
1,-102,1,-107374182,48,2023-04-25 16:06:37.801267
1,-102,1,-107374182,54,2023-04-25 16:06:38.027926
1,-102,1,-107374182,54,2023-04-25 16:06:38.276097
1,-102,1,-107374182,45,2023-04-25 16:06:38.626677
1,-102,1,-107374182,42,2023-04-25 16:06:38.854909
1,-104,1,-107374182,36,2023-04-25 16:06:39.061154
1,-97,1,-107374182,33,2023-04-25 16:06:39.330168
1,-95,1,-107374182,27,2023-04-25 16:06:39.548138
1,-93,1,-107374182,24,2023-04-25 16:06:39.805914
1,-94,1,-107374182,27,2023-04-25 16:06:40.044636
1,-97,1,-107374182,33,2023-04-25 16:06:40.266252
1,-102,1,-107374182,36,2023-04-25 16:06:40.486986
1,-104,1,-107374182,42,2023-04-25 16:06:40.773068
1,-103,1,-107374182,48,2023-04-25 16:06:41.041356
1,-103,1,-107374182,51,2023-04-25 16:06:41.323474
1,-103,1,-107374182,54,2023-04-25 16:06:41.607376
1,-103,1,-107374182,48,2023-04-25 16:06:41.837536
1,-103,1,-107374182,45,2023-04-25 16:06:42.054361
1,-102,1,-107374182,39,2023-04-25 16:06:42.256556
1,-101,1,-107374182,36,2023-04-25 16:06:42.483619
1,-100,1,-107374182,30,2023-04-25 16:06:42.706275
1,-93,1,-107374182,27,2023-04-25 16:06:42.920732
1,-92,1,-107374182,24,2023-04-25 16:06:43.144615
1,-95,1,-107374182,27,2023-04-25 16:06:43.390237
1,-100,1,-107374182,33,2023-04-25 16:06:43.657062
1,-102,1,-107374182,39,2023-04-25 16:06:43.928849
1,-104,1,-107374182,45,2023-04-25 16:06:44.170985
1,-103,1,-107374182,48,2023-04-25 16:06:44.425773
1,-103,1,-107374182,54,2023-04-25 16:06:44.642024
1,-103,1,-107374182,54,2023-04-25 16:06:44.898865
1,-103,1,-107374182,48,2023-04-25 16:06:45.133364
1,-103,1,-107374182,45,2023-04-25 16:06:45.338066
1,-100,1,-107374182,39,2023-04-25 16:06:45.603062
1,-99,1,-107374182,33,2023-04-25 16:06:45.883668
1,-94,1,-107374182,27,2023-04-25 16:06:46.208468
1,-92,1,-107374182,24,2023-04-25 16:06:46.476126
1,-93,1,-107374182,30,2023-04-25 16:06:46.728699
1,-100,1,-107374182,33,2023-04-25 16:06:46.943165
1,-101,1,-107374182,39,2023-04-25 16:06:47.185105
1,-101,1,-107374182,42,2023-04-25 16:06:47.461713
1,-101,1,-107374182,48,2023-04-25 16:06:47.704064
1,-101,1,-107374182,51,2023-04-25 16:06:47.930376
1,-101,1,-107374182,54,2023-04-25 16:06:48.156357
1,-101,1,-107374182,51,2023-04-25 16:06:48.386471
1,-101,1,-107374182,45,2023-04-25 16:06:48.644936
1,-103,1,-107374182,39,2023-04-25 16:06:48.860261
1,-100,1,-107374182,36,2023-04-25 16:06:49.100076
1,-96,1,-107374182,30,2023-04-25 16:06:49.333120
1,-94,1,-107374182,24,2023-04-25 16:06:49.584949
1,-91,1,-107374182,24,2023-04-25 16:06:49.805740
1,-93,1,-107374182,27,2023-04-25 16:06:50.028266
1,-98,1,-107374182,33,2023-04-25 16:06:50.250265
1,-102,1,-107374182,36,2023-04-25 16:06:50.484081
1,-101,1,-107374182,42,2023-04-25 16:06:50.709136
1,-104,1,-107374182,48,2023-04-25 16:06:51.006783
1,-104,1,-107374182,54,2023-04-25 16:06:51.337426
1,-104,1,-107374182,51,2023-04-25 16:06:51.570869
1,-104,1,-107374182,48,2023-04-25 16:06:51.810531
1,-105,1,-107374182,42,2023-04-25 16:06:52.086328
1,-99,1,-107374182,36,2023-04-25 16:06:52.330978
1,-99,1,-107374182,30,2023-04-25 16:06:52.636189
1,-91,1,-107374182,24,2023-04-25 16:06:52.937241
1,-91,1,-107374182,24,2023-04-25 16:06:53.183174
1,-98,1,-107374182,30,2023-04-25 16:06:53.401722
1,-99,1,-107374182,36,2023-04-25 16:06:53.692785
1,-102,1,-107374182,42,2023-04-25 16:06:53.963445
1,-102,1,-107374182,48,2023-04-25 16:06:54.246315
1,-102,1,-107374182,51,2023-04-25 16:06:54.463466
1,-102,1,-107374182,54,2023-04-25 16:06:54.714118
1,-102,1,-107374182,51,2023-04-25 16:06:55.009930
1,-102,1,-107374182,42,2023-04-25 16:06:55.316854
1,-101,1,-107374182,39,2023-04-25 16:06:55.547688
1,-99,1,-107374182,33,2023-04-25 16:06:55.787711
1,-96,1,-107374182,30,2023-04-25 16:06:56.015038
1,-91,1,-107374182,24,2023-04-25 16:06:56.230286
1,-91,1,-107374182,24,2023-04-25 16:06:56.506529
1,-97,1,-107374182,30,2023-04-25 16:06:56.723939
1,-98,1,-107374182,36,2023-04-25 16:06:56.962745
1,-103,1,-107374182,39,2023-04-25 16:06:57.242427
1,-102,1,-107374182,45,2023-04-25 16:06:57.495526
1,-102,1,-107374182,51,2023-04-25 16:06:57.770678
1,-102,1,-107374182,54,2023-04-25 16:06:58.022306
1,-102,1,-107374182,51,2023-04-25 16:06:58.251127
1,-102,1,-107374182,48,2023-04-25 16:06:58.464116
1,-103,1,-107374182,42,2023-04-25 16:06:58.721024
1,-101,1,-107374182,36,2023-04-25 16:06:58.951999
1,-100,1,-107374182,33,2023-04-25 16:06:59.206789
1,-95,1,-107374182,27,2023-04-25 16:06:59.461927
1,-92,1,-107374182,24,2023-04-25 16:06:59.695313
1,-94,1,-107374182,27,2023-04-25 16:06:59.949498
1,-98,1,-107374182,33,2023-04-25 16:07:00.222698
1,-101,1,-107374182,39,2023-04-25 16:07:00.478232
1,-102,1,-107374182,42,2023-04-25 16:07:00.698264
1,-102,1,-107374182,48,2023-04-25 16:07:00.921545
1,-102,1,-107374182,51,2023-04-25 16:07:01.136525
1,-102,1,-107374182,54,2023-04-25 16:07:01.351625
1,-102,1,-107374182,51,2023-04-25 16:07:01.562131
1,-102,1,-107374182,45,2023-04-25 16:07:01.814486
1,-102,1,-107374182,42,2023-04-25 16:07:02.027971
1,-101,1,-107374182,36,2023-04-25 16:07:02.220288
1,-98,1,-107374182,33,2023-04-25 16:07:02.436614
1,-96,1,-107374182,27,2023-04-25 16:07:02.693861
1,-91,1,-107374182,24,2023-04-25 16:07:02.976195
1,-92,1,-107374182,27,2023-04-25 16:07:03.254315
1,-98,1,-107374182,33,2023-04-25 16:07:03.509063
1,-102,1,-107374182,39,2023-04-25 16:07:03.751213
1,-102,1,-107374182,42,2023-04-25 16:07:04.012133
1,-102,1,-107374182,48,2023-04-25 16:07:04.251837
1,-102,1,-107374182,54,2023-04-25 16:07:04.479456
1,-102,1,-107374182,54,2023-04-25 16:07:04.697354
1,-102,1,-107374182,48,2023-04-25 16:07:04.989448
1,-102,1,-107374182,45,2023-04-25 16:07:05.222036
1,-103,1,-107374182,39,2023-04-25 16:07:05.444347
1,-102,1,-107374182,36,2023-04-25 16:07:05.670475
1,-97,1,-107374182,30,2023-04-25 16:07:05.928903
1,-92,1,-107374182,24,2023-04-25 16:07:06.203395
1,-92,1,-107374182,24,2023-04-25 16:07:06.427465
1,-99,1,-107374182,30,2023-04-25 16:07:06.662943
1,-98,1,-107374182,36,2023-04-25 16:07:06.915104
1,-102,1,-107374182,42,2023-04-25 16:07:07.227160
1,-102,1,-107374182,48,2023-04-25 16:07:07.546109
1,-102,1,-107374182,51,2023-04-25 16:07:07.770941
1,-102,1,-107374182,54,2023-04-25 16:07:07.994103
1,-102,1,-107374182,51,2023-04-25 16:07:08.217061
1,-102,1,-107374182,45,2023-04-25 16:07:08.450318
1,-104,1,-107374182,42,2023-04-25 16:07:08.700220
1,-101,1,-107374182,36,2023-04-25 16:07:08.937254
1,-99,1,-107374182,30,2023-04-25 16:07:09.156598
1,-94,1,-107374182,27,2023-04-25 16:07:09.387229
1,-91,1,-107374182,24,2023-04-25 16:07:09.651977
1,-94,1,-107374182,27,2023-04-25 16:07:09.896955
1,-99,1,-107374182,33,2023-04-25 16:07:10.122033
1,-101,1,-107374182,39,2023-04-25 16:07:10.334363
1,-104,1,-107374182,42,2023-04-25 16:07:10.592485
1,-103,1,-107374182,48,2023-04-25 16:07:10.844550
1,-103,1,-107374182,51,2023-04-25 16:07:11.095702
1,-103,1,-107374182,54,2023-04-25 16:07:11.334933
1,-103,1,-107374182,48,2023-04-25 16:07:11.567043
1,-103,1,-107374182,45,2023-04-25 16:07:11.814123
1,-102,1,-107374182,39,2023-04-25 16:07:12.064841
1,-99,1,-107374182,33,2023-04-25 16:07:12.406974
1,-93,1,-107374182,27,2023-04-25 16:07:12.618564
1,-93,1,-107374182,24,2023-04-25 16:07:12.897901
1,-95,1,-107374182,27,2023-04-25 16:07:13.153281
1,-99,1,-107374182,33,2023-04-25 16:07:13.393744
1,-101,1,-107374182,36,2023-04-25 16:07:13.640643
1,-103,1,-107374182,45,2023-04-25 16:07:13.985670
1,-103,1,-107374182,51,2023-04-25 16:07:14.293483
1,-103,1,-107374182,54,2023-04-25 16:07:14.559433
1,-103,1,-107374182,51,2023-04-25 16:07:14.842885
1,-103,1,-107374182,45,2023-04-25 16:07:15.125108
1,-103,1,-107374182,39,2023-04-25 16:07:15.352815
1,-101,1,-107374182,36,2023-04-25 16:07:15.591826
1,-97,1,-107374182,30,2023-04-25 16:07:15.812683
1,-94,1,-107374182,27,2023-04-25 16:07:16.055970
1,-92,1,-107374182,24,2023-04-25 16:07:16.329314
1,-96,1,-107374182,30,2023-04-25 16:07:16.586753
1,-99,1,-107374182,36,2023-04-25 16:07:16.832102
1,-101,1,-107374182,39,2023-04-25 16:07:17.098510
1,-102,1,-107374182,45,2023-04-25 16:07:17.354984
1,-102,1,-107374182,51,2023-04-25 16:07:17.570766
1,-102,1,-107374182,54,2023-04-25 16:07:17.789919
1,-102,1,-107374182,54,2023-04-25 16:07:18.023155
1,-102,1,-107374182,48,2023-04-25 16:07:18.306371
1,-102,1,-107374182,42,2023-04-25 16:07:18.587450
1,-99,1,-107374182,36,2023-04-25 16:07:18.837272
1,-98,1,-107374182,30,2023-04-25 16:07:19.136053
1,-93,1,-107374182,24,2023-04-25 16:07:19.476642
1,-92,1,-107374182,27,2023-04-25 16:07:19.701898
1,-99,1,-107374182,30,2023-04-25 16:07:19.920996
1,-98,1,-107374182,36,2023-04-25 16:07:20.143531
1,-102,1,-107374182,39,2023-04-25 16:07:20.420298
1,-103,1,-107374182,45,2023-04-25 16:07:20.718268
1,-103,1,-107374182,51,2023-04-25 16:07:20.962759
1,-103,1,-107374182,54,2023-04-25 16:07:21.207210
1,-103,1,-107374182,51,2023-04-25 16:07:21.450411
1,-103,1,-107374182,45,2023-04-25 16:07:21.711502
1,-103,1,-107374182,39,2023-04-25 16:07:21.938460
1,-100,1,-107374182,36,2023-04-25 16:07:22.204897
1,-98,1,-107374182,30,2023-04-25 16:07:22.442105
1,-94,1,-107374182,27,2023-04-25 16:07:22.683109
1,-92,1,-107374182,24,2023-04-25 16:07:22.930661
1,-94,1,-107374182,30,2023-04-25 16:07:23.155444
1,-100,1,-107374182,33,2023-04-25 16:07:23.398271
1,-101,1,-107374182,39,2023-04-25 16:07:23.652300
1,-102,1,-107374182,45,2023-04-25 16:07:23.896913
1,-102,1,-107374182,48,2023-04-25 16:07:24.186250
1,-102,1,-107374182,54,2023-04-25 16:07:24.450081
1,-102,1,-107374182,51,2023-04-25 16:07:24.735334
1,-102,1,-107374182,45,2023-04-25 16:07:24.981515
1,-101,1,-107374182,39,2023-04-25 16:07:25.237645
1,-101,1,-107374182,36,2023-04-25 16:07:25.446255
1,-98,1,-107374182,33,2023-04-25 16:07:25.668055
1,-94,1,-107374182,27,2023-04-25 16:07:25.954571
1,-93,1,-107374182,24,2023-04-25 16:07:26.206048
1,-93,1,-107374182,30,2023-04-25 16:07:26.449409
1,-99,1,-107374182,33,2023-04-25 16:07:26.703965
1,-101,1,-107374182,39,2023-04-25 16:07:26.951155
1,-104,1,-107374182,42,2023-04-25 16:07:27.200316
1,-104,1,-107374182,48,2023-04-25 16:07:27.445714
1,-104,1,-107374182,54,2023-04-25 16:07:27.674612
1,-104,1,-107374182,54,2023-04-25 16:07:27.935915
1,-104,1,-107374182,48,2023-04-25 16:07:28.201020
1,-103,1,-107374182,42,2023-04-25 16:07:28.487190
1,-103,1,-107374182,36,2023-04-25 16:07:28.820500
1,-97,1,-107374182,30,2023-04-25 16:07:29.107404
1,-91,1,-107374182,24,2023-04-25 16:07:29.411298
1,-94,1,-107374182,27,2023-04-25 16:07:29.722606
1,-99,1,-107374182,33,2023-04-25 16:07:29.997377
1,-101,1,-107374182,39,2023-04-25 16:07:30.282025
1,-105,1,-107374182,45,2023-04-25 16:07:30.546610
1,-105,1,-107374182,48,2023-04-25 16:07:30.798949
1,-105,1,-107374182,54,2023-04-25 16:07:31.040475
1,-105,1,-107374182,51,2023-04-25 16:07:31.318389
1,-105,1,-107374182,45,2023-04-25 16:07:31.653091
1,-104,1,-107374182,39,2023-04-25 16:07:31.894117
1,-102,1,-107374182,36,2023-04-25 16:07:32.144805
1,-96,1,-107374182,30,2023-04-25 16:07:32.440328
1,-92,1,-107374182,24,2023-04-25 16:07:32.700628
1,-91,1,-107374182,27,2023-04-25 16:07:32.957233
1,-96,1,-107374182,30,2023-04-25 16:07:33.176132
1,-101,1,-107374182,36,2023-04-25 16:07:33.446887
1,-102,1,-107374182,42,2023-04-25 16:07:33.699785
1,-103,1,-107374182,45,2023-04-25 16:07:33.925234
1,-103,1,-107374182,51,2023-04-25 16:07:34.185800
1,-103,1,-107374182,54,2023-04-25 16:07:34.428790
1,-103,1,-107374182,51,2023-04-25 16:07:34.665774
1,-103,1,-107374182,45,2023-04-25 16:07:34.927282
1,-103,1,-107374182,42,2023-04-25 16:07:35.157335
1,-101,1,-107374182,36,2023-04-25 16:07:35.423207
1,-97,1,-107374182,30,2023-04-25 16:07:35.659291
1,-94,1,-107374182,27,2023-04-25 16:07:35.931269
1,-92,1,-107374182,27,2023-04-25 16:07:36.244402
1,-96,1,-107374182,33,2023-04-25 16:07:36.516541
1,-101,1,-107374182,36,2023-04-25 16:07:36.749752
1,-102,1,-107374182,42,2023-04-25 16:07:36.985039
1,-104,1,-107374182,45,2023-04-25 16:07:37.230115
1,-104,1,-107374182,51,2023-04-25 16:07:37.504805
1,-104,1,-107374182,54,2023-04-25 16:07:37.748285
1,-104,1,-107374182,51,2023-04-25 16:07:38.006536
1,-104,1,-107374182,45,2023-04-25 16:07:38.312905
1,-102,1,-107374182,39,2023-04-25 16:07:38.549612
1,-98,1,-107374182,33,2023-04-25 16:07:38.863543
1,-95,1,-107374182,27,2023-04-25 16:07:39.115909
1,-91,1,-107374182,24,2023-04-25 16:07:39.405247
1,-93,1,-107374182,27,2023-04-25 16:07:39.691100
1,-99,1,-107374182,33,2023-04-25 16:07:39.963114
1,-102,1,-107374182,39,2023-04-25 16:07:40.206910
1,-103,1,-107374182,45,2023-04-25 16:07:40.461294
1,-103,1,-107374182,48,2023-04-25 16:07:40.745354
1,-103,1,-107374182,54,2023-04-25 16:07:41.064243
1,-103,1,-107374182,48,2023-04-25 16:07:41.381423
1,-103,1,-107374182,45,2023-04-25 16:07:41.618893
1,-101,1,-107374182,39,2023-04-25 16:07:41.902360
1,-99,1,-107374182,33,2023-04-25 16:07:42.150153
1,-93,1,-107374182,27,2023-04-25 16:07:42.454916
1,-92,1,-107374182,24,2023-04-25 16:07:42.728621
1,-94,1,-107374182,27,2023-04-25 16:07:43.000767
1,-98,1,-107374182,36,2023-04-25 16:07:43.314546
1,-101,1,-107374182,39,2023-04-25 16:07:43.574186
1,-103,1,-107374182,45,2023-04-25 16:07:43.834170
1,-103,1,-107374182,51,2023-04-25 16:07:44.083668
1,-103,1,-107374182,54,2023-04-25 16:07:44.393583
1,-103,1,-107374182,51,2023-04-25 16:07:44.626984
1,-103,1,-107374182,45,2023-04-25 16:07:44.851604
1,-102,1,-107374182,42,2023-04-25 16:07:45.113700
1,-101,1,-107374182,36,2023-04-25 16:07:45.379714
1,-97,1,-107374182,30,2023-04-25 16:07:45.663488
1,-91,1,-107374182,24,2023-04-25 16:07:45.933706
1,-91,1,-107374182,24,2023-04-25 16:07:46.153963
1,-98,1,-107374182,30,2023-04-25 16:07:46.402762
1,-99,1,-107374182,36,2023-04-25 16:07:46.631452
1,-100,1,-107374182,39,2023-04-25 16:07:46.899726
1,-104,1,-107374182,45,2023-04-25 16:07:47.156373
1,-104,1,-107374182,51,2023-04-25 16:07:47.417296
1,-104,1,-107374182,54,2023-04-25 16:07:47.646272
1,-104,1,-107374182,51,2023-04-25 16:07:47.891314
1,-105,1,-107374182,45,2023-04-25 16:07:48.164576
1,-103,1,-107374182,42,2023-04-25 16:07:48.401363
1,-102,1,-107374182,36,2023-04-25 16:07:48.652019
1,-98,1,-107374182,30,2023-04-25 16:07:48.942046
1,-94,1,-107374182,24,2023-04-25 16:07:49.206586
1,-92,1,-107374182,24,2023-04-25 16:07:49.461807
1,-97,1,-107374182,30,2023-04-25 16:07:49.724137
1,-100,1,-107374182,36,2023-04-25 16:07:49.995993
1,-101,1,-107374182,39,2023-04-25 16:07:50.226285
1,-103,1,-107374182,45,2023-04-25 16:07:50.456695
1,-103,1,-107374182,51,2023-04-25 16:07:50.740454
1,-103,1,-107374182,54,2023-04-25 16:07:50.991027
1,-103,1,-107374182,51,2023-04-25 16:07:51.242540
1,-103,1,-107374182,45,2023-04-25 16:07:51.486500
1,-103,1,-107374182,39,2023-04-25 16:07:51.733150
1,-100,1,-107374182,36,2023-04-25 16:07:52.012083
1,-98,1,-107374182,30,2023-04-25 16:07:52.291199
1,-92,1,-107374182,24,2023-04-25 16:07:52.560532
1,-95,1,-107374182,27,2023-04-25 16:07:52.835751
1,-99,1,-107374182,30,2023-04-25 16:07:53.081517
1,-100,1,-107374182,36,2023-04-25 16:07:53.329961
1,-102,1,-107374182,42,2023-04-25 16:07:53.583696
1,-104,1,-107374182,48,2023-04-25 16:07:53.911482
1,-104,1,-107374182,54,2023-04-25 16:07:54.148990
1,-104,1,-107374182,54,2023-04-25 16:07:54.377727
1,-104,1,-107374182,48,2023-04-25 16:07:54.644557
1,-104,1,-107374182,42,2023-04-25 16:07:54.896812
1,-102,1,-107374182,36,2023-04-25 16:07:55.207609
1,-98,1,-107374182,30,2023-04-25 16:07:55.510242
1,-94,1,-107374182,27,2023-04-25 16:07:55.759408
1,-91,1,-107374182,24,2023-04-25 16:07:55.986716
1,-95,1,-107374182,30,2023-04-25 16:07:56.249037
1,-99,1,-107374182,36,2023-04-25 16:07:56.544693
1,-102,1,-107374182,39,2023-04-25 16:07:56.774868
1,-105,1,-107374182,45,2023-04-25 16:07:57.035592
1,-105,1,-107374182,48,2023-04-25 16:07:57.284557
1,-105,1,-107374182,54,2023-04-25 16:07:57.641771
1,-105,1,-107374182,48,2023-04-25 16:07:57.911341
1,-105,1,-107374182,45,2023-04-25 16:07:58.134179
1,-104,1,-107374182,39,2023-04-25 16:07:58.368686
1,-103,1,-107374182,36,2023-04-25 16:07:58.606908
1,-98,1,-107374182,30,2023-04-25 16:07:58.908221
1,-92,1,-107374182,24,2023-04-25 16:07:59.160677
1,-92,1,-107374182,24,2023-04-25 16:07:59.417539
1,-96,1,-107374182,30,2023-04-25 16:07:59.696096
1,-101,1,-107374182,36,2023-04-25 16:07:59.951018
1,-103,1,-107374182,42,2023-04-25 16:08:00.182872
1,-104,1,-107374182,48,2023-04-25 16:08:00.481018
1,-104,1,-107374182,51,2023-04-25 16:08:00.728296
1,-104,1,-107374182,54,2023-04-25 16:08:00.962540
1,-104,1,-107374182,48,2023-04-25 16:08:01.246532
1,-106,1,-107374182,42,2023-04-25 16:08:01.626370
1,-102,1,-107374182,36,2023-04-25 16:08:01.879713
1,-99,1,-107374182,30,2023-04-25 16:08:02.123487
1,-95,1,-107374182,27,2023-04-25 16:08:02.355832
1,-91,1,-107374182,24,2023-04-25 16:08:02.599336
1,-95,1,-107374182,27,2023-04-25 16:08:02.848937
1,-100,1,-107374182,33,2023-04-25 16:08:03.151587
1,-104,1,-107374182,42,2023-04-25 16:08:03.482067
1,-104,1,-107374182,45,2023-04-25 16:08:03.731890
1,-104,1,-107374182,51,2023-04-25 16:08:03.989016
1,-104,1,-107374182,54,2023-04-25 16:08:04.253965
1,-104,1,-107374182,51,2023-04-25 16:08:04.509434
1,-104,1,-107374182,42,2023-04-25 16:08:04.832105
1,-103,1,-107374182,39,2023-04-25 16:08:05.101932
1,-101,1,-107374182,33,2023-04-25 16:08:05.336032
1,-96,1,-107374182,27,2023-04-25 16:08:05.602088
1,-94,1,-107374182,24,2023-04-25 16:08:05.905536
1,-97,1,-107374182,27,2023-04-25 16:08:06.143456
1,-101,1,-107374182,33,2023-04-25 16:08:06.409655
1,-104,1,-107374182,39,2023-04-25 16:08:06.717771
1,-104,1,-107374182,45,2023-04-25 16:08:07.018828
1,-104,1,-107374182,51,2023-04-25 16:08:07.273064
1,-104,1,-107374182,54,2023-04-25 16:08:07.578914
1,-104,1,-107374182,48,2023-04-25 16:08:07.816847
1,-104,1,-107374182,45,2023-04-25 16:08:08.101138
1,-104,1,-107374182,39,2023-04-25 16:08:08.360204
1,-102,1,-107374182,33,2023-04-25 16:08:08.602056
1,-97,1,-107374182,30,2023-04-25 16:08:08.844401
1,-92,1,-107374182,24,2023-04-25 16:08:09.089992
1,-96,1,-107374182,27,2023-04-25 16:08:09.378201
1,-100,1,-107374182,30,2023-04-25 16:08:09.594916
1,-101,1,-107374182,36,2023-04-25 16:08:09.868050
1,-103,1,-107374182,42,2023-04-25 16:08:10.101988
1,-103,1,-107374182,48,2023-04-25 16:08:10.439117
1,-103,1,-107374182,54,2023-04-25 16:08:10.707496
1,-103,1,-107374182,54,2023-04-25 16:08:10.942501
1,-103,1,-107374182,48,2023-04-25 16:08:11.170001
1,-103,1,-107374182,42,2023-04-25 16:08:11.536321
1,-103,1,-107374182,36,2023-04-25 16:08:11.771902
1,-99,1,-107374182,33,2023-04-25 16:08:12.008670
1,-95,1,-107374182,27,2023-04-25 16:08:12.298096
1,-92,1,-107374182,24,2023-04-25 16:08:12.608893
1,-99,1,-107374182,30,2023-04-25 16:08:12.851334
1,-100,1,-107374182,36,2023-04-25 16:08:13.097806
1,-104,1,-107374182,39,2023-04-25 16:08:13.326925
1,-104,1,-107374182,45,2023-04-25 16:08:13.580629
1,-104,1,-107374182,51,2023-04-25 16:08:13.881723
1,-104,1,-107374182,54,2023-04-25 16:08:14.153583
1,-104,1,-107374182,51,2023-04-25 16:08:14.404996
1,-104,1,-107374182,45,2023-04-25 16:08:14.650074
1,-104,1,-107374182,42,2023-04-25 16:08:14.886286
1,-101,1,-107374182,36,2023-04-25 16:08:15.162996
1,-98,1,-107374182,30,2023-04-25 16:08:15.409027
1,-96,1,-107374182,27,2023-04-25 16:08:15.638156
1,-92,1,-107374182,24,2023-04-25 16:08:15.910567
1,-98,1,-107374182,30,2023-04-25 16:08:16.224428
1,-102,1,-107374182,36,2023-04-25 16:08:16.508925
1,-103,1,-107374182,42,2023-04-25 16:08:16.743045
1,-103,1,-107374182,45,2023-04-25 16:08:16.966226
1,-103,1,-107374182,51,2023-04-25 16:08:17.180206
1,-103,1,-107374182,54,2023-04-25 16:08:17.435795
1,-103,1,-107374182,51,2023-04-25 16:08:17.648155
1,-103,1,-107374182,48,2023-04-25 16:08:17.893284
1,-103,1,-107374182,42,2023-04-25 16:08:18.133570
1,-103,1,-107374182,36,2023-04-25 16:08:18.406065
1,-100,1,-107374182,33,2023-04-25 16:08:18.635557
1,-96,1,-107374182,27,2023-04-25 16:08:18.889022
1,-93,1,-107374182,24,2023-04-25 16:08:19.130385
1,-95,1,-107374182,27,2023-04-25 16:08:19.349991
1,-101,1,-107374182,33,2023-04-25 16:08:19.624221
1,-103,1,-107374182,39,2023-04-25 16:08:19.875212
1,-102,1,-107374182,42,2023-04-25 16:08:20.097145
1,-102,1,-107374182,48,2023-04-25 16:08:20.354386
1,-102,1,-107374182,51,2023-04-25 16:08:20.578948
1,-102,1,-107374182,54,2023-04-25 16:08:20.815903
1,-102,1,-107374182,48,2023-04-25 16:08:21.092924
1,-102,1,-107374182,45,2023-04-25 16:08:21.346754
1,-102,1,-107374182,39,2023-04-25 16:08:21.581877
1,-103,1,-107374182,33,2023-04-25 16:08:21.841874
1,-98,1,-107374182,30,2023-04-25 16:08:22.091860
1,-92,1,-107374182,24,2023-04-25 16:08:22.331998
1,-92,1,-107374182,24,2023-04-25 16:08:22.546018
1,-97,1,-107374182,30,2023-04-25 16:08:22.792437
1,-99,1,-107374182,36,2023-04-25 16:08:23.032994
1,-102,1,-107374182,39,2023-04-25 16:08:23.267960
1,-103,1,-107374182,45,2023-04-25 16:08:23.518287
1,-103,1,-107374182,51,2023-04-25 16:08:23.771236
1,-103,1,-107374182,54,2023-04-25 16:08:24.068605
1,-103,1,-107374182,51,2023-04-25 16:08:24.374668
1,-103,1,-107374182,45,2023-04-25 16:08:24.625098
1,-103,1,-107374182,39,2023-04-25 16:08:24.860735
1,-103,1,-107374182,36,2023-04-25 16:08:25.090988
1,-99,1,-107374182,30,2023-04-25 16:08:25.314780
1,-94,1,-107374182,27,2023-04-25 16:08:25.548537
1,-93,1,-107374182,24,2023-04-25 16:08:25.781151
1,-97,1,-107374182,30,2023-04-25 16:08:26.059548
1,-99,1,-107374182,33,2023-04-25 16:08:26.274071
1,-102,1,-107374182,39,2023-04-25 16:08:26.518737
1,-103,1,-107374182,45,2023-04-25 16:08:26.798108
1,-103,1,-107374182,51,2023-04-25 16:08:27.125317
1,-103,1,-107374182,54,2023-04-25 16:08:27.383714
1,-103,1,-107374182,51,2023-04-25 16:08:27.655537
1,-103,1,-107374182,45,2023-04-25 16:08:27.896058
1,-102,1,-107374182,39,2023-04-25 16:08:28.182408
1,-101,1,-107374182,36,2023-04-25 16:08:28.409627
1,-97,1,-107374182,30,2023-04-25 16:08:28.659257
1,-92,1,-107374182,24,2023-04-25 16:08:28.918295
1,-91,1,-107374182,24,2023-04-25 16:08:29.189844
1,-95,1,-107374182,30,2023-04-25 16:08:29.469425
1,-103,1,-107374182,36,2023-04-25 16:08:29.744812
1,-102,1,-107374182,42,2023-04-25 16:08:30.015213
1,-103,1,-107374182,48,2023-04-25 16:08:30.251951
1,-103,1,-107374182,51,2023-04-25 16:08:30.489987
1,-103,1,-107374182,54,2023-04-25 16:08:30.799215
1,-103,1,-107374182,48,2023-04-25 16:08:31.061913
1,-103,1,-107374182,45,2023-04-25 16:08:31.307644
1,-102,1,-107374182,39,2023-04-25 16:08:31.561377
1,-100,1,-107374182,33,2023-04-25 16:08:31.803102
1,-97,1,-107374182,30,2023-04-25 16:08:32.041702
1,-92,1,-107374182,24,2023-04-25 16:08:32.279786
1,-94,1,-107374182,27,2023-04-25 16:08:32.530024
1,-97,1,-107374182,33,2023-04-25 16:08:32.818400
1,-102,1,-107374182,36,2023-04-25 16:08:33.042690
1,-105,1,-107374182,42,2023-04-25 16:08:33.326135
1,-105,1,-107374182,48,2023-04-25 16:08:33.622357
1,-105,1,-107374182,54,2023-04-25 16:08:33.916484
1,-105,1,-107374182,51,2023-04-25 16:08:34.161167
1,-105,1,-107374182,48,2023-04-25 16:08:34.452509
1,-105,1,-107374182,42,2023-04-25 16:08:34.723877
1,-103,1,-107374182,36,2023-04-25 16:08:34.944100
1,-101,1,-107374182,33,2023-04-25 16:08:35.204572
1,-96,1,-107374182,27,2023-04-25 16:08:35.448231
1,-93,1,-107374182,24,2023-04-25 16:08:35.692870
1,-94,1,-107374182,27,2023-04-25 16:08:35.939005
1,-101,1,-107374182,33,2023-04-25 16:08:36.185897
1,-104,1,-107374182,39,2023-04-25 16:08:36.455076
1,-105,1,-107374182,45,2023-04-25 16:08:36.731343
1,-105,1,-107374182,48,2023-04-25 16:08:36.959677
1,-105,1,-107374182,54,2023-04-25 16:08:37.281579
1,-105,1,-107374182,51,2023-04-25 16:08:37.534397
1,-105,1,-107374182,45,2023-04-25 16:08:37.787449
1,-105,1,-107374182,42,2023-04-25 16:08:38.023203
1,-102,1,-107374182,36,2023-04-25 16:08:38.264848
1,-101,1,-107374182,33,2023-04-25 16:08:38.484063
1,-95,1,-107374182,27,2023-04-25 16:08:38.793889
1,-92,1,-107374182,27,2023-04-25 16:08:39.136760
1,-97,1,-107374182,30,2023-04-25 16:08:39.372985
1,-101,1,-107374182,36,2023-04-25 16:08:39.603452
1,-103,1,-107374182,39,2023-04-25 16:08:39.851079
1,-103,1,-107374182,48,2023-04-25 16:08:40.170126
1,-103,1,-107374182,54,2023-04-25 16:08:40.648129
1,-103,1,-107374182,51,2023-04-25 16:08:40.895041
1,-103,1,-107374182,45,2023-04-25 16:08:41.116312
1,-103,1,-107374182,42,2023-04-25 16:08:41.331167
1,-102,1,-107374182,36,2023-04-25 16:08:41.593026
1,-98,1,-107374182,30,2023-04-25 16:08:41.868539
1,-94,1,-107374182,27,2023-04-25 16:08:42.111625
1,-92,1,-107374182,27,2023-04-25 16:08:42.435815
1,-98,1,-107374182,30,2023-04-25 16:08:42.677866
1,-101,1,-107374182,36,2023-04-25 16:08:42.911324
1,-102,1,-107374182,39,2023-04-25 16:08:43.143280
1,-102,1,-107374182,45,2023-04-25 16:08:43.400535
1,-102,1,-107374182,51,2023-04-25 16:08:43.682574
1,-102,1,-107374182,54,2023-04-25 16:08:43.907608
1,-102,1,-107374182,51,2023-04-25 16:08:44.221342
1,-102,1,-107374182,45,2023-04-25 16:08:44.438009
1,-102,1,-107374182,42,2023-04-25 16:08:44.667810
1,-101,1,-107374182,36,2023-04-25 16:08:44.922115
1,-102,1,-107374182,30,2023-04-25 16:08:45.152829
1,-96,1,-107374182,27,2023-04-25 16:08:45.435029
1,-93,1,-107374182,24,2023-04-25 16:08:45.686792
1,-97,1,-107374182,30,2023-04-25 16:08:45.920311
1,-101,1,-107374182,36,2023-04-25 16:08:46.201132
1,-104,1,-107374182,39,2023-04-25 16:08:46.439617
1,-104,1,-107374182,45,2023-04-25 16:08:46.694354
1,-104,1,-107374182,51,2023-04-25 16:08:46.989256
1,-104,1,-107374182,54,2023-04-25 16:08:47.195636
1,-104,1,-107374182,51,2023-04-25 16:08:47.447628
1,-104,1,-107374182,45,2023-04-25 16:08:47.747793
1,-104,1,-107374182,42,2023-04-25 16:08:47.997562
1,-102,1,-107374182,36,2023-04-25 16:08:48.290845
1,-99,1,-107374182,30,2023-04-25 16:08:48.563817
1,-93,1,-107374182,24,2023-04-25 16:08:48.861048
1,-94,1,-107374182,27,2023-04-25 16:08:49.103744
1,-99,1,-107374182,33,2023-04-25 16:08:49.374702
1,-101,1,-107374182,39,2023-04-25 16:08:49.720237
1,-102,1,-107374182,42,2023-04-25 16:08:49.955602
1,-102,1,-107374182,48,2023-04-25 16:08:50.195530
1,-102,1,-107374182,54,2023-04-25 16:08:50.452956
1,-102,1,-107374182,54,2023-04-25 16:08:50.679901
1,-102,1,-107374182,48,2023-04-25 16:08:50.905289
1,-102,1,-107374182,45,2023-04-25 16:08:51.128575
1,-102,1,-107374182,39,2023-04-25 16:08:51.386085
1,-100,1,-107374182,33,2023-04-25 16:08:51.724702
1,-95,1,-107374182,27,2023-04-25 16:08:51.999921
1,-92,1,-107374182,24,2023-04-25 16:08:52.272074
1,-96,1,-107374182,27,2023-04-25 16:08:52.489588
1,-101,1,-107374182,33,2023-04-25 16:08:52.735338
1,-102,1,-107374182,39,2023-04-25 16:08:52.989107
1,-102,1,-107374182,42,2023-04-25 16:08:53.211365
1,-102,1,-107374182,48,2023-04-25 16:08:53.476807
1,-102,1,-107374182,54,2023-04-25 16:08:53.731092
1,-102,1,-107374182,54,2023-04-25 16:08:53.988266
1,-102,1,-107374182,48,2023-04-25 16:08:54.279166
1,-102,1,-107374182,42,2023-04-25 16:08:54.519314
1,-101,1,-107374182,36,2023-04-25 16:08:54.770301
1,-99,1,-107374182,33,2023-04-25 16:08:55.008915
1,-97,1,-107374182,27,2023-04-25 16:08:55.313712
1,-90,1,-107374182,24,2023-04-25 16:08:55.589185
1,-98,1,-107374182,30,2023-04-25 16:08:55.924475
1,-102,1,-107374182,36,2023-04-25 16:08:56.193688
1,-102,1,-107374182,42,2023-04-25 16:08:56.437660
1,-104,1,-107374182,48,2023-04-25 16:08:56.724799
1,-104,1,-107374182,51,2023-04-25 16:08:56.936429
1,-104,1,-107374182,54,2023-04-25 16:08:57.262382
1,-104,1,-107374182,48,2023-04-25 16:08:57.499858
1,-104,1,-107374182,45,2023-04-25 16:08:57.750128
1,-102,1,-107374182,39,2023-04-25 16:08:58.005075
1,-99,1,-107374182,33,2023-04-25 16:08:58.278745
1,-96,1,-107374182,27,2023-04-25 16:08:58.553530
1,-91,1,-107374182,24,2023-04-25 16:08:58.857789
1,-94,1,-107374182,27,2023-04-25 16:08:59.106999
1,-99,1,-107374182,33,2023-04-25 16:08:59.363524
1,-102,1,-107374182,39,2023-04-25 16:08:59.613145
1,-103,1,-107374182,45,2023-04-25 16:08:59.879892
1,-103,1,-107374182,48,2023-04-25 16:09:00.106685
1,-103,1,-107374182,54,2023-04-25 16:09:00.404449
1,-103,1,-107374182,54,2023-04-25 16:09:00.653458
1,-103,1,-107374182,48,2023-04-25 16:09:00.900645
1,-103,1,-107374182,42,2023-04-25 16:09:01.141625
1,-104,1,-107374182,36,2023-04-25 16:09:01.406022
1,-99,1,-107374182,30,2023-04-25 16:09:01.695018
1,-93,1,-107374182,27,2023-04-25 16:09:01.959800
1,-93,1,-107374182,24,2023-04-25 16:09:02.248286
1,-95,1,-107374182,30,2023-04-25 16:09:02.531892
1,-100,1,-107374182,36,2023-04-25 16:09:02.791010
1,-103,1,-107374182,39,2023-04-25 16:09:03.026620
1,-102,1,-107374182,45,2023-04-25 16:09:03.251548
1,-102,1,-107374182,51,2023-04-25 16:09:03.489574
1,-102,1,-107374182,54,2023-04-25 16:09:03.747527
1,-102,1,-107374182,51,2023-04-25 16:09:04.011248
1,-102,1,-107374182,45,2023-04-25 16:09:04.319152
1,-103,1,-107374182,39,2023-04-25 16:09:04.592891
1,-100,1,-107374182,36,2023-04-25 16:09:04.857522
1,-97,1,-107374182,30,2023-04-25 16:09:05.147065
1,-91,1,-107374182,24,2023-04-25 16:09:05.439349
1,-95,1,-107374182,27,2023-04-25 16:09:05.701494
1,-99,1,-107374182,33,2023-04-25 16:09:05.972436
1,-101,1,-107374182,39,2023-04-25 16:09:06.243723
1,-103,1,-107374182,45,2023-04-25 16:09:06.532561
1,-103,1,-107374182,48,2023-04-25 16:09:06.787008
1,-103,1,-107374182,54,2023-04-25 16:09:07.099755
1,-103,1,-107374182,51,2023-04-25 16:09:07.340453
1,-103,1,-107374182,45,2023-04-25 16:09:07.580893
1,-102,1,-107374182,42,2023-04-25 16:09:07.819890
1,-102,1,-107374182,36,2023-04-25 16:09:08.078171
1,-97,1,-107374182,30,2023-04-25 16:09:08.343533
1,-90,1,-107374182,24,2023-04-25 16:09:08.641163
1,-92,1,-107374182,24,2023-04-25 16:09:08.895363
1,-97,1,-107374182,30,2023-04-25 16:09:09.136711
1,-97,1,-107374182,36,2023-04-25 16:09:09.372053
1,-102,1,-107374182,39,2023-04-25 16:09:09.635210
1,-103,1,-107374182,45,2023-04-25 16:09:09.917984
1,-103,1,-107374182,51,2023-04-25 16:09:10.166882
1,-103,1,-107374182,54,2023-04-25 16:09:10.407900
1,-103,1,-107374182,48,2023-04-25 16:09:10.754305
1,-103,1,-107374182,45,2023-04-25 16:09:11.013792
1,-102,1,-107374182,39,2023-04-25 16:09:11.267706
1,-101,1,-107374182,33,2023-04-25 16:09:11.517705
1,-97,1,-107374182,27,2023-04-25 16:09:11.791565
1,-90,1,-107374182,24,2023-04-25 16:09:12.079520
1,-95,1,-107374182,30,2023-04-25 16:09:12.361081
1,-99,1,-107374182,33,2023-04-25 16:09:12.655016
1,-100,1,-107374182,39,2023-04-25 16:09:12.962379
1,-102,1,-107374182,48,2023-04-25 16:09:13.271558
1,-102,1,-107374182,51,2023-04-25 16:09:13.532778
1,-102,1,-107374182,54,2023-04-25 16:09:13.751989
1,-102,1,-107374182,51,2023-04-25 16:09:13.990228
1,-102,1,-107374182,42,2023-04-25 16:09:14.385269
1,-101,1,-107374182,39,2023-04-25 16:09:14.622441
1,-99,1,-107374182,33,2023-04-25 16:09:14.878931
1,-93,1,-107374182,27,2023-04-25 16:09:15.141086
1,-89,1,-107374182,24,2023-04-25 16:09:15.344609
1,-93,1,-107374182,27,2023-04-25 16:09:15.618610
1,-98,1,-107374182,33,2023-04-25 16:09:15.886798
1,-102,1,-107374182,36,2023-04-25 16:09:16.101350
1,-102,1,-107374182,42,2023-04-25 16:09:16.349583
1,-104,1,-107374182,45,2023-04-25 16:09:16.576900
1,-104,1,-107374182,51,2023-04-25 16:09:16.818186
1,-104,1,-107374182,54,2023-04-25 16:09:17.052801
1,-104,1,-107374182,51,2023-04-25 16:09:17.317046
1,-104,1,-107374182,45,2023-04-25 16:09:17.588901
1,-103,1,-107374182,39,2023-04-25 16:09:17.848583
1,-100,1,-107374182,36,2023-04-25 16:09:18.098068
1,-96,1,-107374182,30,2023-04-25 16:09:18.336100
1,-91,1,-107374182,24,2023-04-25 16:09:18.615041
1,-92,1,-107374182,27,2023-04-25 16:09:18.872367
1,-99,1,-107374182,33,2023-04-25 16:09:19.174057
1,-100,1,-107374182,39,2023-04-25 16:09:19.443229
1,-103,1,-107374182,42,2023-04-25 16:09:19.696315
1,-103,1,-107374182,48,2023-04-25 16:09:19.968957
1,-103,1,-107374182,54,2023-04-25 16:09:20.198447
1,-103,1,-107374182,54,2023-04-25 16:09:20.408558
1,-103,1,-107374182,51,2023-04-25 16:09:20.648848
1,-103,1,-107374182,45,2023-04-25 16:09:20.863364
1,-103,1,-107374182,39,2023-04-25 16:09:21.140456
1,-101,1,-107374182,33,2023-04-25 16:09:21.408289
1,-96,1,-107374182,30,2023-04-25 16:09:21.649960
1,-91,1,-107374182,24,2023-04-25 16:09:21.909211
1,-95,1,-107374182,27,2023-04-25 16:09:22.195078
1,-97,1,-107374182,30,2023-04-25 16:09:22.408598
1,-103,1,-107374182,36,2023-04-25 16:09:22.655237
1,-102,1,-107374182,39,2023-04-25 16:09:22.873432
1,-104,1,-107374182,45,2023-04-25 16:09:23.117396
1,-104,1,-107374182,48,2023-04-25 16:09:23.358611
1,-104,1,-107374182,54,2023-04-25 16:09:23.724215
1,-104,1,-107374182,48,2023-04-25 16:09:24.005665
1,-104,1,-107374182,42,2023-04-25 16:09:24.297691
1,-102,1,-107374182,39,2023-04-25 16:09:24.564395
1,-100,1,-107374182,33,2023-04-25 16:09:24.839851
1,-94,1,-107374182,27,2023-04-25 16:09:25.077751
1,-91,1,-107374182,24,2023-04-25 16:09:25.302505
1,-94,1,-107374182,27,2023-04-25 16:09:25.575193
1,-98,1,-107374182,33,2023-04-25 16:09:25.828155
1,-101,1,-107374182,39,2023-04-25 16:09:26.094339
1,-103,1,-107374182,42,2023-04-25 16:09:26.313728
1,-104,1,-107374182,48,2023-04-25 16:09:26.570392
1,-104,1,-107374182,51,2023-04-25 16:09:26.804408
1,-104,1,-107374182,54,2023-04-25 16:09:27.063978
1,-104,1,-107374182,48,2023-04-25 16:09:27.304326
1,-104,1,-107374182,45,2023-04-25 16:09:27.540017
1,-101,1,-107374182,39,2023-04-25 16:09:27.773326
1,-99,1,-107374182,33,2023-04-25 16:09:28.134785
1,-93,1,-107374182,27,2023-04-25 16:09:28.411083
1,-93,1,-107374182,24,2023-04-25 16:09:28.653666
1,-94,1,-107374182,27,2023-04-25 16:09:28.900593
1,-99,1,-107374182,33,2023-04-25 16:09:29.197851
1,-103,1,-107374182,39,2023-04-25 16:09:29.441233
1,-103,1,-107374182,45,2023-04-25 16:09:29.698039
1,-103,1,-107374182,48,2023-04-25 16:09:29.952434
1,-103,1,-107374182,54,2023-04-25 16:09:30.186965
1,-103,1,-107374182,51,2023-04-25 16:09:30.434435
1,-103,1,-107374182,48,2023-04-25 16:09:30.707233
1,-103,1,-107374182,42,2023-04-25 16:09:30.959227
1,-103,1,-107374182,39,2023-04-25 16:09:31.265872
1,-97,1,-107374182,30,2023-04-25 16:09:31.547799
1,-92,1,-107374182,24,2023-04-25 16:09:31.838193
1,-93,1,-107374182,24,2023-04-25 16:09:32.091729
1,-97,1,-107374182,30,2023-04-25 16:09:32.374366
1,-100,1,-107374182,39,2023-04-25 16:09:32.722049
1,-104,1,-107374182,42,2023-04-25 16:09:32.932104
1,-103,1,-107374182,48,2023-04-25 16:09:33.186263
1,-103,1,-107374182,54,2023-04-25 16:09:33.446578
1,-103,1,-107374182,54,2023-04-25 16:09:33.693525
1,-103,1,-107374182,48,2023-04-25 16:09:33.972058
1,-104,1,-107374182,42,2023-04-25 16:09:34.222223
1,-102,1,-107374182,39,2023-04-25 16:09:34.486266
1,-100,1,-107374182,33,2023-04-25 16:09:34.720436
1,-92,1,-107374182,27,2023-04-25 16:09:35.002968
1,-92,1,-107374182,24,2023-04-25 16:09:35.280405
1,-99,1,-107374182,30,2023-04-25 16:09:35.606609
1,-101,1,-107374182,36,2023-04-25 16:09:35.865466
1,-101,1,-107374182,39,2023-04-25 16:09:36.132225
1,-102,1,-107374182,48,2023-04-25 16:09:36.479249
1,-102,1,-107374182,51,2023-04-25 16:09:36.735033
1,-102,1,-107374182,54,2023-04-25 16:09:36.996698
1,-102,1,-107374182,48,2023-04-25 16:09:37.244099
1,-102,1,-107374182,45,2023-04-25 16:09:37.477631
1,-101,1,-107374182,39,2023-04-25 16:09:37.787957
1,-99,1,-107374182,33,2023-04-25 16:09:38.092171
1,-92,1,-107374182,27,2023-04-25 16:09:38.382525
1,-91,1,-107374182,24,2023-04-25 16:09:38.604168
1,-99,1,-107374182,30,2023-04-25 16:09:38.905592
1,-100,1,-107374182,36,2023-04-25 16:09:39.185574
1,-103,1,-107374182,42,2023-04-25 16:09:39.529164
1,-104,1,-107374182,48,2023-04-25 16:09:39.786554
1,-104,1,-107374182,51,2023-04-25 16:09:40.044369
1,-104,1,-107374182,54,2023-04-25 16:09:40.299282
1,-104,1,-107374182,48,2023-04-25 16:09:40.594225
1,-103,1,-107374182,42,2023-04-25 16:09:40.882602
1,-102,1,-107374182,36,2023-04-25 16:09:41.152987
1,-97,1,-107374182,30,2023-04-25 16:09:41.428295
1,-95,1,-107374182,27,2023-04-25 16:09:41.691227
1,-93,1,-107374182,24,2023-04-25 16:09:41.956979
1,-94,1,-107374182,30,2023-04-25 16:09:42.186872
1,-101,1,-107374182,36,2023-04-25 16:09:42.494733
1,-101,1,-107374182,39,2023-04-25 16:09:42.754698
1,-103,1,-107374182,45,2023-04-25 16:09:42.964074
1,-103,1,-107374182,51,2023-04-25 16:09:43.236995
1,-103,1,-107374182,54,2023-04-25 16:09:43.476972
1,-103,1,-107374182,51,2023-04-25 16:09:43.735757
1,-103,1,-107374182,45,2023-04-25 16:09:44.003141
1,-104,1,-107374182,39,2023-04-25 16:09:44.281851
1,-100,1,-107374182,36,2023-04-25 16:09:44.545539
1,-96,1,-107374182,30,2023-04-25 16:09:44.802265
1,-94,1,-107374182,24,2023-04-25 16:09:45.036156
1,-91,1,-107374182,24,2023-04-25 16:09:45.282709
1,-96,1,-107374182,33,2023-04-25 16:09:45.638569
1,-101,1,-107374182,36,2023-04-25 16:09:45.914829
1,-101,1,-107374182,42,2023-04-25 16:09:46.179993
1,-103,1,-107374182,48,2023-04-25 16:09:46.423106
1,-103,1,-107374182,54,2023-04-25 16:09:46.759868
1,-103,1,-107374182,51,2023-04-25 16:09:46.997321
1,-103,1,-107374182,48,2023-04-25 16:09:47.278159
1,-101,1,-107374182,42,2023-04-25 16:09:47.511065
1,-103,1,-107374182,36,2023-04-25 16:09:47.754356
1,-99,1,-107374182,30,2023-04-25 16:09:48.028866
1,-94,1,-107374182,27,2023-04-25 16:09:48.266913
1,-91,1,-107374182,24,2023-04-25 16:09:48.584744
1,-96,1,-107374182,30,2023-04-25 16:09:48.828503
1,-98,1,-107374182,33,2023-04-25 16:09:49.076202
1,-103,1,-107374182,39,2023-04-25 16:09:49.349141
1,-102,1,-107374182,45,2023-04-25 16:09:49.615972
1,-102,1,-107374182,51,2023-04-25 16:09:49.888747
1,-102,1,-107374182,54,2023-04-25 16:09:50.122878
1,-102,1,-107374182,51,2023-04-25 16:09:50.413854
1,-102,1,-107374182,45,2023-04-25 16:09:50.681770
1,-101,1,-107374182,39,2023-04-25 16:09:50.912784
1,-101,1,-107374182,36,2023-04-25 16:09:51.168240
1,-97,1,-107374182,30,2023-04-25 16:09:51.402870
1,-94,1,-107374182,24,2023-04-25 16:09:51.651311
1,-90,1,-107374182,24,2023-04-25 16:09:51.875674
1,-95,1,-107374182,30,2023-04-25 16:09:52.142783
1,-100,1,-107374182,36,2023-04-25 16:09:52.431436
1,-102,1,-107374182,42,2023-04-25 16:09:52.710301
1,-102,1,-107374182,45,2023-04-25 16:09:52.949125
1,-102,1,-107374182,51,2023-04-25 16:09:53.209614
1,-102,1,-107374182,54,2023-04-25 16:09:53.455376
1,-102,1,-107374182,51,2023-04-25 16:09:53.736481
1,-102,1,-107374182,45,2023-04-25 16:09:54.028572
1,-102,1,-107374182,39,2023-04-25 16:09:54.310809
1,-99,1,-107374182,33,2023-04-25 16:09:54.560496
1,-97,1,-107374182,27,2023-04-25 16:09:54.825559
1,-92,1,-107374182,24,2023-04-25 16:09:55.108346
1,-93,1,-107374182,27,2023-04-25 16:09:55.405603
1,-99,1,-107374182,33,2023-04-25 16:09:55.670013
1,-102,1,-107374182,39,2023-04-25 16:09:55.916671
1,-103,1,-107374182,45,2023-04-25 16:09:56.162803
1,-103,1,-107374182,48,2023-04-25 16:09:56.434506
1,-103,1,-107374182,54,2023-04-25 16:09:56.689093
1,-103,1,-107374182,51,2023-04-25 16:09:56.977626
1,-103,1,-107374182,45,2023-04-25 16:09:57.253461
1,-103,1,-107374182,42,2023-04-25 16:09:57.486434
1,-100,1,-107374182,36,2023-04-25 16:09:57.734288
1,-96,1,-107374182,30,2023-04-25 16:09:57.998702
1,-94,1,-107374182,27,2023-04-25 16:09:58.223992
1,-93,1,-107374182,24,2023-04-25 16:09:58.478273
1,-96,1,-107374182,30,2023-04-25 16:09:58.784148
1,-101,1,-107374182,36,2023-04-25 16:09:59.023673
1,-103,1,-107374182,39,2023-04-25 16:09:59.271343
1,-104,1,-107374182,45,2023-04-25 16:09:59.538992
1,-104,1,-107374182,51,2023-04-25 16:09:59.805284
1,-104,1,-107374182,54,2023-04-25 16:10:00.095592
1,-104,1,-107374182,51,2023-04-25 16:10:00.333770
1,-104,1,-107374182,45,2023-04-25 16:10:00.577267
1,-102,1,-107374182,39,2023-04-25 16:10:00.829701
1,-102,1,-107374182,36,2023-04-25 16:10:01.073638
1,-96,1,-107374182,30,2023-04-25 16:10:01.297299
1,-95,1,-107374182,24,2023-04-25 16:10:01.579070
1,-92,1,-107374182,27,2023-04-25 16:10:01.916596
1,-96,1,-107374182,33,2023-04-25 16:10:02.157302
1,-100,1,-107374182,36,2023-04-25 16:10:02.406203
1,-103,1,-107374182,42,2023-04-25 16:10:02.674049
1,-102,1,-107374182,48,2023-04-25 16:10:02.952622
1,-102,1,-107374182,51,2023-04-25 16:10:03.173921
1,-102,1,-107374182,54,2023-04-25 16:10:03.438566
1,-102,1,-107374182,48,2023-04-25 16:10:03.705533
1,-102,1,-107374182,45,2023-04-25 16:10:03.961115
1,-102,1,-107374182,39,2023-04-25 16:10:04.250366
1,-100,1,-107374182,33,2023-04-25 16:10:04.501440
1,-93,1,-107374182,27,2023-04-25 16:10:04.838391
1,-91,1,-107374182,24,2023-04-25 16:10:05.120869
1,-97,1,-107374182,30,2023-04-25 16:10:05.379099
1,-99,1,-107374182,33,2023-04-25 16:10:05.601875
1,-102,1,-107374182,39,2023-04-25 16:10:05.863864
1,-103,1,-107374182,45,2023-04-25 16:10:06.166103
1,-103,1,-107374182,51,2023-04-25 16:10:06.432435
1,-103,1,-107374182,54,2023-04-25 16:10:06.733369
1,-103,1,-107374182,51,2023-04-25 16:10:06.971172
1,-103,1,-107374182,45,2023-04-25 16:10:07.205893
1,-102,1,-107374182,39,2023-04-25 16:10:07.466726
1,-100,1,-107374182,36,2023-04-25 16:10:07.745877
1,-94,1,-107374182,27,2023-04-25 16:10:08.075275
1,-91,1,-107374182,24,2023-04-25 16:10:08.308109
1,-93,1,-107374182,27,2023-04-25 16:10:08.563438
1,-99,1,-107374182,33,2023-04-25 16:10:08.827686
1,-101,1,-107374182,39,2023-04-25 16:10:09.095106
1,-103,1,-107374182,42,2023-04-25 16:10:09.344308
1,-102,1,-107374182,48,2023-04-25 16:10:09.592438
1,-102,1,-107374182,54,2023-04-25 16:10:09.851091
1,-102,1,-107374182,51,2023-04-25 16:10:10.194179
1,-102,1,-107374182,48,2023-04-25 16:10:10.442427
1,-102,1,-107374182,42,2023-04-25 16:10:10.718117
1,-103,1,-107374182,36,2023-04-25 16:10:10.984104
1,-99,1,-107374182,30,2023-04-25 16:10:11.238283
1,-91,1,-107374182,24,2023-04-25 16:10:11.540390
1,-94,1,-107374182,27,2023-04-25 16:10:11.903884
1,-100,1,-107374182,33,2023-04-25 16:10:12.224151
1,-101,1,-107374182,39,2023-04-25 16:10:12.482868
1,-103,1,-107374182,45,2023-04-25 16:10:12.753401
1,-103,1,-107374182,51,2023-04-25 16:10:13.025269
